rainfall_mm,temperature,population_growth,infrastructure_index,groundwater_level,water_availability,drought_index,water_stress
899.3428306022465,29.63088773765821,0.9187064556476744,0.7297940328376094,46.90790922950136,332.701149097014,0.03294726630312473,1.258857176559158
772.347139765763,34.54708320235065,0.7614196008360006,0.343250601599204,42.478435944094166,230.7086458543405,0.04472999435568321,2.218261518810303
929.5377076201383,18.007162130904295,2.0910756238590915,0.3427540366591551,53.1917451041918,384.3897081962844,0.01937216960999611,6.100805242852675
1104.605971281605,27.81484618345285,2.266189316217253,0.3072650851409325,63.40450446023144,422.27852761071466,0.025180785643573,7.375355762200661
753.1693250553328,21.746787154390866,0.5789653620641051,0.8739008389796881,31.24827530354256,292.9357331856073,0.028873702673423672,0.6625069301227229
753.1726086101639,22.56437308117652,2.8405306156092247,0.7425050156754043,51.150260791474174,299.4676442488093,0.029959099445762846,3.8256046163208675
1115.8425631014784,22.03803037880565,0.6299282091286811,0.5119508451012384,48.3986720443336,452.2424775990054,0.019750125248449983,1.2304466633004827
953.4869458305818,20.68004615160092,1.853240838252676,0.4779213487725932,56.713400764504655,396.7850081593404,0.021688861333687737,3.877710930914061
706.1051228130095,25.242608139724133,2.272651298627291,0.5098219378475097,52.131966282376894,263.2575248974395,0.035749079455990394,4.457735397230106
908.5120087171928,20.84524941794481,2.677422809365214,0.7647921187087092,42.48030668261181,355.6045476041601,0.022944385124174675,3.5008504191777368
707.3164614375075,26.352284128899196,2.285217330331069,0.6968223666422486,46.80946064333382,256.77303024597643,0.03725670978354214,3.279483322762383
706.8540492859486,24.748809452754315,2.50432020767448,0.4111173407204808,42.03974143196511,238.58972027381736,0.03501261608072433,6.091497389250653
848.3924543132068,23.80525976566795,1.348625481357015,0.4044656012004506,60.76007138598598,348.58785091536737,0.028059254469606117,3.3343391313236665
417.3439510684405,20.46218168979201,2.5370627843662805,0.3590373898280384,50.21311648671942,157.6341465995941,0.04902953939408219,7.066291300695482
455.0164334973935,22.11614334715833,0.7002871159616879,0.696181631820803,69.01190685753008,237.25588080964917,0.048605152954953705,1.0058971451604481
687.5424941518055,28.77695612912878,2.737041640151319,0.7586235973330416,49.39339186185379,240.4797642039248,0.04185480370144946,3.607904697103347
597.4337759331153,27.504585938121902,1.8689809403843407,0.4590278569950024,42.91593233089537,191.54402879033404,0.046037882433351295,4.071606792275112
862.8494665190548,20.112223776007244,2.5432444249062343,0.3125669766185476,34.862856073871725,304.5002844571942,0.02330907598186838,8.136638273242712
618.3951848957578,25.49666152714613,1.6307957112957503,0.3493030004858564,31.96860323744055,184.9691657087889,0.04123036878342459,4.668713721403555
517.5392597329417,28.756935616858947,2.108944237991312,0.8807160209070184,34.158640569945106,154.49466561420996,0.05556474233799765,2.394579169593605
1093.1297537843109,16.652973594393142,1.816006652340283,0.4772668664864521,52.67126651011483,465.0328433629081,0.015234214910665579,3.8050130437702046
754.8447399026928,27.71680096189968,2.3289738043883297,0.7615338887028802,55.08725023229934,288.31534800743816,0.03671854554550206,3.058266794082228
813.5056409375848,21.686881205270765,0.704074955076474,0.6747981413125583,34.188092979678665,312.0431938229006,0.02665855049299488,1.0433860320168769
515.0503627573087,27.8529933429658,0.6508802099764095,0.5291637837917376,58.950383140761154,204.6053317594396,0.054078193817504616,1.2300165466965816
691.1234550949634,21.183704217287417,1.117758085025366,0.423412357317333,45.1693894831656,270.86267693349254,0.03065111458903776,2.6398806404878847
822.1845179419732,15.975589496677404,0.8988617002829709,0.3728318508956438,51.467930119855495,361.5846954750658,0.01943066203273473,2.4109037307935464
569.8012845155395,16.862287810584185,2.6794589164805043,0.66900778082332,66.12220628255425,282.50928719476434,0.029593277987993587,4.005123697041319
875.1396036691344,25.24042473330691,1.048034968395111,0.7647802683826728,58.96839315865532,369.5491678536124,0.02884159810330056,1.3703739645525297
679.872262016239,26.29861250860741,2.9396631395478283,0.6863425521246784,47.31469352094168,240.0057255160976,0.038681696515483456,4.283084489585632
741.6612500413446,20.47841687447796,1.342239479427767,0.618181279949495,41.08807774584713,293.9352403390394,0.027611550250651998,2.1712716365940863
679.6586775541206,28.19296229388687,0.9552947892217484,0.3251707340589817,28.48184598670695,194.5679403363594,0.041481059868674876,2.9378252381361922
1170.4556369017876,16.6923996886552,2.4742462678561976,0.8810932665566305,42.8084668075758,489.6493905818602,0.014261454396375257,2.8081547797155597
797.3005550524132,24.66960100676342,2.14676943875219,0.7792285149927448,47.88869761172305,308.84334357270967,0.030941407039584565,2.754993429330776
588.45781420882,18.94491900118772,1.7454892911328477,0.4756932220205788,40.12820472848816,227.24470832426616,0.03219418375242262,3.6693591801006082
964.5089824206378,21.740819460989204,1.888408877344078,0.8879821976153104,48.68743032907695,399.9893774287878,0.02254081595634916,2.126629207674916
555.8312700057955,25.23699335658207,2.29800444568066,0.6611289537817933,50.76851882958768,207.76098211086637,0.045404054644710666,3.475879300907339
841.772719000951,20.69793317358024,1.0711368533282468,0.649453594924348,47.751440181919214,350.4836133092526,0.024588505550697057,1.6492892820972358
408.0659752240449,23.077222278850872,2.9908347901418546,0.7488439076577194,43.4999741917654,142.37407456036186,0.05655267451833134,3.9939361989293256
534.3627902203139,30.0314640460722,2.936982905366958,0.7870618728540826,51.68654671966728,176.94415388613365,0.05620051507271015,3.7315781727765893
839.3722471738247,22.11554065238425,2.1258142158673423,0.6938871643989016,54.41940649569409,347.4462246602685,0.026347714886747222,3.063630983445105
947.693315999082,29.17846056032571,0.9988561273228628,0.37685744781972,39.096009225571535,320.23135316690474,0.030788927248647995,2.650487957984295
834.2736562379941,19.351465726711908,2.2005706060782284,0.5029605035966991,64.10932379746271,368.3131005756162,0.023195585263921476,4.375235411810317
776.8703435223518,27.649020889576413,0.6804960224479396,0.85685018419563,49.01411867715738,306.5688193006756,0.035590264347349104,0.7941832014505041
739.7792608821422,32.207843103289505,0.5766312555145152,0.4347693671063112,50.18849622944848,251.22163709547675,0.043537099248880794,1.32629228078416
504.2956019265145,12.641777499363553,1.1442072212780343,0.5233002143025081,57.08214423256557,267.39658024126425,0.025068189076147645,2.1865215988935063
656.0311583210582,21.01552372264761,1.6565573918482908,0.5592461297665177,52.332161312635016,273.3958999102982,0.03203433778424702,2.9621258041426137
707.8722458080425,27.8853606359027,2.670681263520952,0.5636429938166714,59.53136633913245,264.2601648775924,0.03939321085271723,4.738249730448364
1011.4244452437832,23.984773069785035,2.31792267441577,0.6677637494967154,52.87124165201824,400.5973567833026,0.023713855426940957,3.47117176720473
868.7236579136923,26.855729366856544,2.3567663029999526,0.8658455026468246,43.87562625359562,320.6866809407272,0.030914007143943423,2.7219247496181422
447.3919689274532,21.980074066420897,1.5637333361201884,0.444415627099503,53.61503525206102,182.8699357367721,0.049129344273019515,3.518628150692987
864.8167938789591,25.4329489373645,1.3648374813674071,0.3729008257805508,38.56273792679338,300.88411519370135,0.029408481793340532,3.660054864481859
722.9835439167367,24.221613823039604,1.4275969074615067,0.4184822939159623,51.085597057765234,276.9046881882102,0.03350230309782696,3.4113675254996334
664.6155999388083,30.838910308299035,2.9691239093401447,0.8321549401255617,49.66770009355539,222.90359653401555,0.04640112316222851,3.5679940912111165
922.3352577681736,26.272104216506065,0.6002729785312062,0.6874864875931237,47.91883142727461,361.78283947363246,0.028484332562628202,0.87314149348993
1006.1999044991902,26.68801331037601,2.667578740306121,0.4715440735434961,48.71462488561069,363.370561293131,0.026523569711189025,5.657114339832878
986.2560238232396,22.940615169387662,1.9466885214309837,0.7895681633811704,31.18150954502361,362.1738757271535,0.023260304236680802,2.465510403933554
632.1564953554723,22.561968879637533,1.5965385479739762,0.8168219978180618,44.51275092259039,253.95397000034535,0.03569048019818345,1.9545733981684317
738.1575248297571,22.83720906090189,2.313144151037841,0.8079086032141669,50.928449011411146,300.1978513005456,0.030938124035474523,2.863126029151412
866.2526862807129,26.972260711891483,1.7166723535617572,0.8513559201837329,51.598563919974005,340.23797126634486,0.03113671234625298,2.0163979751163046
995.1090254244718,22.895077595898684,2.683558095204152,0.451344612104017,39.72324859074042,358.74636902493546,0.0230076072178449,5.945696532621283
704.165152430942,26.448874284482063,2.7517546600281464,0.7530251572477671,62.65707840864701,284.8695576293674,0.03756061229837119,3.6542665720299956
762.8682046672366,35.37700399322719,1.5543023171836383,0.576323698364484,41.33825151785499,224.21192668285647,0.04637367736234158,2.696925914368095
578.7330051987943,29.355623517158463,1.192069493087629,0.805199131734037,59.69457200526737,232.44349016008573,0.05072394913276949,1.480465447746382
560.7586751838659,23.3698823391608,1.9808758214834052,0.737094406296968,54.27194361871685,233.0439077151904,0.04167547177312612,2.6874112794248095
962.5051644788396,31.00606961081972,2.780908364041728,0.7658684678998349,43.53772690156197,327.53151129513566,0.0322139254469438,3.631052172271222
1071.2480057141647,22.959623134892244,1.0266554725141663,0.6936971026086429,67.75310892609512,473.6256048686854,0.021432593584700156,1.4799765901478266
785.5979756839332,14.80937732411073,2.057416458908707,0.4064572616818241,38.0636316824352,316.0682655128942,0.01885108895706846,5.061827288791948
1000.7065795784048,19.95956844541298,2.0789005502313014,0.627016151338163,59.191541736100014,429.4296751410923,0.019945475379828017,3.315545454123568
872.3272050095268,15.646040394870722,2.3327825560382025,0.8908018437147049,60.005823180429786,411.9245930156698,0.01793597666680572,2.618744642815667
670.9760490789752,23.24243257979346,0.8289192128181495,0.8624328398982715,43.293797909233554,273.598302417822,0.03463973507206034,0.9611405949197447
872.2791211016828,25.09209189594776,2.289562411705221,0.325904241478207,63.92465300064329,344.700082919079,0.028766126907011844,7.025261166655674
1107.6073132931938,33.382186561376415,2.7725813016641023,0.3988888894376622,47.49953485401047,363.34969367365846,0.030139008799177046,6.950760913829357
792.8347921780097,26.634636868820813,0.9492077721756048,0.3790372640727371,52.88693629279857,299.1943905945778,0.03359418271195233,2.5042597711275487
1112.9287311628011,23.90449735595568,1.093858312309694,0.7355879459911774,52.60321838771221,456.6962566372284,0.021478911170691027,1.487053068597747
276.05097918205115,29.147027905917447,2.928487735104099,0.7906711979141672,48.65691258529452,72.24775985848964,0.10558567114045792,3.7037996866834226
964.3805008750448,13.944323454960577,0.9524423817737244,0.4281068197864032,58.10808273159782,444.12766570999366,0.014459358564703444,2.2247774101074347
817.4094136476342,26.178072790542828,2.635962733423948,0.6035116157710974,57.93488720552213,315.7591293716992,0.032025656119771054,4.367708366401564
740.1985299068265,28.854325969434832,1.730694641120087,0.8044218168067201,32.51468026761819,239.751287079928,0.038981874191329334,2.1514765076739883
818.3521553071005,17.607068771100792,1.1180776860079429,0.7396809268597504,63.043402428781526,391.1955926078074,0.021515271459746375,1.5115675494765592
402.4862170798214,30.718770216034645,2.6768747531812784,0.625342323295109,33.37508011964326,78.64916462398452,0.07632253953665816,4.280655016401343
756.0656224324977,26.69248203747207,1.6132631375066635,0.6542086142752638,60.32546204341657,306.1925622111684,0.03530445141996283,2.465976604869146
871.4225143023493,22.923560430495996,1.7870433848242255,0.605016328149768,61.26705136827583,368.8656888642576,0.026305907931295912,2.9537110019646513
1095.5788089483033,28.163909330531425,1.3980834234994142,0.4785290707912923,39.09033569784802,385.5382676269308,0.02570687667605333,2.9216269372883725
696.3459563452706,36.35346428902198,1.9823771285873184,0.6390131957154097,45.89185712045416,200.68166383380395,0.05220603919324947,3.1022475621461
638.3012794213624,25.90933127529248,0.9088096814625568,0.7133311812300545,38.94295331514064,230.23822426924104,0.04059106899923497,1.2740361074577211
699.6485912830926,26.24110293150168,1.4777038416294015,0.8239937495164846,47.850789697112646,270.7781503094842,0.037506118440655836,1.7933435083658227
983.0804235404148,22.70319550229878,2.923530805838219,0.6817748123875489,46.91965715814258,378.4089387819525,0.023093935103027145,4.288117942638754
865.750221931937,20.75077815267604,1.1453335817528187,0.7566729222258948,57.7966053226934,384.519718948548,0.023968550774806977,1.5136442022843979
694.0479592465922,29.151679082721227,2.1418416613532303,0.3960429809727438,63.10308746119608,256.4506956425278,0.0420023986733801,5.408104080250407
902.6534866226712,20.719580870455665,1.3129751605617372,0.576934484651874,63.95683810789956,401.0941391395656,0.0229540805829922,2.275778611767322
819.4155098696081,25.357831186096963,2.433682814216501,0.3055989718962559,44.37831973421698,280.67680793844016,0.030946242633523136,7.963648565685236
993.7289981065778,22.611712766174417,0.8271841517958746,0.4480073187129738,47.90778126255472,394.3771223545585,0.022754405687323318,1.8463630330240859
659.5893812245295,27.39489912873196,2.924552612696362,0.735877029067803,33.1656180777905,200.74081832815952,0.04153326282765993,3.974240935881825
734.4675706804463,26.66831052643474,1.634473853459098,0.8950859708096182,41.94129933503811,272.7376343159709,0.03630971821087747,1.826052364535099
721.5783693735684,30.187699721289498,1.09012615836616,0.3595068597523295,59.64851633097457,264.06396320888393,0.04183564946312993,3.0322819406482724
507.2970103735763,22.449918005726264,0.6837418683250316,0.540896589516773,66.15582823548232,243.1882813843522,0.044253992329255046,1.2640898123167572
859.2240554129152,23.650625323533145,0.9243947627188518,0.7800425812194958,37.65651128120078,330.5076995436882,0.027525562365880718,1.1850567968657302
852.2110544359779,20.106181421088465,1.799434871390044,0.4224213807773393,44.075357408471056,331.6309498108575,0.023592960119949883,4.259810116804993
801.0226913284922,22.77853369961944,1.3425079410782157,0.6330509695813717,49.73594243041073,324.2157619624076,0.02843681451999987,2.1206948659536824
753.0825733249707,26.88650246522426,2.572208414706524,0.7398427776178049,52.80161158819607,283.6737949140841,0.035701931524608765,3.476695985312842
516.9258515899171,28.78494308322676,1.5772188091545147,0.6695912701561075,41.90396480078354,164.36093023766034,0.055684858852952414,2.3554948809096694
715.8709354469282,20.389173379111877,1.1217856814690748,0.4128148407692497,54.24061044464089,302.30661339626545,0.028481633168110997,2.71740637855633
731.4570966946461,29.3480296005283,2.0428624665100754,0.5132307412114436,45.26160652929084,241.5988161292701,0.04012269445897511,3.9803977090071574
639.5445461556762,31.77818929402476,2.2669430422136143,0.7702750706912385,49.855477291217206,212.4821496870069,0.049688781625993876,2.943030520485725
767.7428576667982,27.067174516118502,0.9176047697523746,0.6325359084792099,55.462842480037,305.1377031726375,0.03525552109774977,1.4506761710312202
880.8101713629077,34.38397906279033,0.9190480407207942,0.3031377681257476,50.064222698109376,286.4990266265096,0.039036764311641436,3.031783358448277
1177.237180242106,21.13105400448213,0.5916785673338574,0.7565944560168564,45.63614109473431,488.42482139140463,0.017949699821862914,0.7820286847577366
834.9155625663678,18.776726483442918,2.341005037664101,0.3211868129641434,48.90390196074169,330.5396868023821,0.022489371770394263,7.288608819458119
851.5100781445528,16.106398755478608,2.1595113190545128,0.7474402696387393,49.11637040794665,374.0816785877132,0.018915100559437393,2.889209220822783
785.1108168467665,32.480221557445915,1.6865771893745347,0.4214883360991424,46.29988970117872,248.45164326504624,0.04137023826508458,4.001480100217574
416.2457569401917,28.27182828177029,2.610426122422993,0.8748440880716282,47.41203937332897,137.60118329323467,0.06792100053967043,2.983875822007342
794.6972249101566,24.722076645447725,2.514175382375133,0.5207644507812508,65.98647170504717,327.1379188622295,0.031108799515743427,4.827855239741053
812.0460419882053,26.399843131599106,1.9633859109918803,0.4961589698028474,55.60919447941239,309.2116794763349,0.03251027868686115,3.957171048972564
1292.6484224970573,19.37255476350812,2.6706782012831467,0.3893328301994668,47.0451968197084,507.046848317841,0.014986715975009997,6.859627532347782
761.5278070437755,37.228759898084135,1.014603025091921,0.4833625292941289,56.96954404510736,246.42850763109143,0.04888693433612738,2.0990518784597993
860.3094684667225,25.646105909876137,0.7797990484943197,0.8259904570969203,46.6618051024399,342.71840041209094,0.02981032622549609,0.9440775517371618
793.0576460589514,25.546973973024464,1.174374028792474,0.8978006025763485,61.73124637586641,346.0969711510838,0.032213262301900115,1.3080566279666823
566.2643924760936,28.62883311949346,0.6427171402232872,0.520985718304109,53.69642192198094,210.3765497499046,0.05055736066028928,1.2336559672219678
1028.564562903004,27.405046158683568,1.82792382000258,0.5691663785727256,48.92697855995771,382.4336322163097,0.026643972723827868,3.2115808115482634
950.3866065373549,26.119420121395656,2.8415142307374035,0.7332425629216424,54.477169258102776,366.7588663628773,0.027482942143470784,3.875271805574468
958.2063894086092,21.04762772277344,0.5983588516712741,0.8317174682790447,34.291238479315005,382.2291790054461,0.02196565161265907,0.7194256156593337
618.1225090410522,27.357341785679974,0.805274785025067,0.6558266005120705,38.73232531090195,212.6655274851778,0.044258769718840726,1.2278775889790183
1080.5588621872198,34.41012248237517,1.6304975707085885,0.5349154189066976,38.06074993600944,346.73522757328,0.03184474597961624,3.048140908035757
519.6297874415438,31.727100230774887,2.8346875438197623,0.5475731045091743,51.429430947637066,151.10705550527834,0.06105712373993581,5.176820264685349
917.371418760054,32.965933133196984,1.2903902624418762,0.7173708878980842,67.32514999485092,359.733843598224,0.035935208421638755,1.7987770122966014
1238.0911251619957,22.44392161784408,1.768087021720981,0.3019309581625672,72.31300146192632,525.0585225903491,0.0181278430655962,5.8559315430284515
601.8927349738624,20.05197589870709,0.6039321476259802,0.6717536024759044,56.38051101440757,280.80659517236006,0.033314866144011294,0.8990381970413669
686.7404540794456,24.37106539950176,0.8708580024052222,0.5132958062648145,55.00844474944457,279.8139544223471,0.03548802936353942,1.6966006575084653
819.9302730175283,25.278624561443472,2.9665753073971173,0.7765183987662506,31.98942265847261,274.7179985810805,0.030830212511135165,3.8203541759093884
699.3048691767601,30.470957592354743,2.912796741090114,0.3557943838938793,44.57326200265978,205.1754354980428,0.04357320953338412,8.186741761384566
489.8673137867735,16.537676851425903,0.512349952336024,0.6529213601690343,42.12216248091761,225.02543470450655,0.033759502595889314,0.784703922388727
813.7125949612055,32.64775159730307,2.879529463558097,0.5885837339316743,43.79152401748884,250.4632200939473,0.04012196910735981,4.892302144204969
587.539257254779,24.20996050710505,2.097799844538751,0.6853953155431365,48.318561814152105,223.89479132645988,0.04120569001673824,3.060715177016296
894.7184861270363,22.8655946502629,2.6697957363000557,0.338912156689781,45.27909422302873,324.36526011704603,0.025556188907240637,7.877544914223363
616.1151531532394,19.93947812369916,1.6368496390846476,0.6479902724568788,30.20700189624212,223.19369166728168,0.03236323278473211,2.5260404494630335
1109.986881003508,16.725716640671152,1.7889900714481255,0.6368907527757143,57.47910256117534,489.2790112447026,0.015068391281841008,2.8089433920202187
643.3493415327525,29.115852919809573,1.7221164506423006,0.6363960566497027,39.27256974260193,204.90424982531917,0.04525667633457475,2.7060451312479157
735.5876967588649,25.36658983594202,2.1671606438652606,0.662092599957873,52.39246864111149,283.6200903652999,0.03448479351641129,3.2731987096716546
962.703443473934,18.55019550129473,0.8491281368907823,0.7058807623358174,70.74082669749973,460.6148100259825,0.01926885753556255,1.202934237902939
553.8271367132089,18.52460613968192,0.5749339746816948,0.7829933998084619,40.80615408413577,243.92046239875165,0.0334483540290562,0.7342769106640449
845.4919869208259,23.32107650354936,1.2698248539779773,0.4618924320769286,24.697124772536704,281.38203485972366,0.027582847459597756,2.749178739015336
1061.4285508564856,33.34510762644696,2.261701906841617,0.7950296461080373,47.139957781198895,369.2602610097429,0.031415310620333516,2.8448019742577904
478.5033530877545,23.702043243181976,1.0046336303073709,0.5989534093580722,61.00959634998571,214.81165188399325,0.04953370355763248,1.6773151544192495
836.9267717064608,17.48428523440947,2.1835810833122933,0.3462349674805987,69.58347454220593,381.9921691358559,0.020891057408475175,6.3066451641244194
851.9765588496847,23.77128467957028,2.924780115268176,0.3351305575463875,37.70450405547583,284.85193497761173,0.027901336524640552,8.727285678398154
956.364574355462,23.63638215126165,0.734751789473546,0.5005429912176365,54.966992232365214,391.9775351167534,0.024714824016972076,1.4679094550623233
552.6098578243837,11.515566785292142,2.181505295562816,0.7709381862668806,45.34689543219947,270.8917564254076,0.020838511333526964,2.8296760160841616
535.9086773831448,24.72852566741094,1.6093755482614278,0.7246085608445495,48.94051645695864,208.7385480897337,0.046143170862918165,2.2210275108889967
904.3883131233796,23.84532734895661,2.6703556359437632,0.7731689788034439,76.44343347017035,407.370448025644,0.026366248881086053,3.453780103899674
859.3969346466372,28.48103182406709,0.9428744736184648,0.6103614338649657,34.970296716048466,292.38353512747995,0.03314071842224779,1.5447805534631194
850.0985700691754,34.244780474726724,2.231564880565412,0.5641193987732944,52.537396614945735,279.7806400169386,0.04028330558412786,3.9558378694617846
869.2896418993952,30.632825147738785,2.595288224120276,0.3884715160237704,54.676931717654334,297.37628801635856,0.03523891654892627,6.6807683885926705
663.9950556843019,23.65555654722585,2.861535548685058,0.496915652165587,60.85786324939348,265.2663931578072,0.03562610345471148,5.758594111926887
846.4507394322007,19.467370456291647,2.208120070724114,0.5604116197043252,50.97983153470896,349.1424868388152,0.022998822671417785,3.94017538731464
858.6144946597362,37.8667990162493,1.7429369100210683,0.3531602578077703,53.08050539504102,260.5014573629079,0.04410221263648209,4.9352577802504936
657.1297163947264,25.29609217007244,2.0446181005030346,0.4323671716267268,46.08351432578209,229.7106319353985,0.03849482307520167,4.728893021203293
1173.1549022289514,25.06964645956473,2.672262461196796,0.6589351764382434,52.69126941245107,455.52040162860334,0.021369425650383696,4.055425414744488
894.7665841823575,24.879374564449986,1.9265243665970744,0.741397868543514,46.5680772450259,344.4505651019499,0.027805435522812793,2.598502704602803
561.7393005594703,25.990423803839278,0.5759676492420922,0.8990085068357698,56.21571889856051,246.36578785108037,0.04626776830097847,0.6406698544703644
931.310721726766,24.278197940380288,2.8273717387674444,0.8598679988061346,46.30389663956366,358.4607748205645,0.02606884831666652,3.2881462534866377
605.0636659545357,22.131689965598817,2.223816877578903,0.6855391197211149,53.77100393902187,250.9478116421307,0.03657745657340757,3.2438949340827947
957.4169207484904,22.26570529379804,2.1912834644431163,0.5527488319764432,49.707371863150215,376.7775925110974,0.023256018158098912,3.96433848011551
1031.7191158014807,24.836233648920008,1.039187880994293,0.6817064188249397,61.26050250772168,434.72092522273977,0.024072669846410887,1.5243921023738425
635.8635363296579,22.282876144331176,2.147213675581643,0.7713909708481392,49.48606276411514,259.0005711250281,0.035043487904578965,2.783560809923398
992.6752258488644,21.435771086614174,1.4846610141353962,0.3710017145540324,32.26967531793119,358.1340611286849,0.02159394183357789,4.001763215353473
882.5561853872997,25.532151138459483,2.12808244260373,0.545942933817773,62.61921500713992,356.6164707417537,0.028929774173249934,3.8979942971732826
964.412031998898,23.72511391289572,0.7664825757699768,0.8038813713813704,40.94267699137381,381.553840029197,0.024600599251879542,0.953477220715877
1179.3585965307896,32.51996494291345,2.1446132615075904,0.5302997711598264,43.4623366135118,401.1371430676877,0.027574280662874234,4.044152719163116
750.9223767994259,11.74515095803494,2.9985343144266663,0.643123362736312,44.04338705956508,331.9007950412748,0.015640965459166375,4.662455895971082
649.2527671285021,30.45753425961231,0.6205300971513901,0.6526616165173189,63.74438093170817,261.32997727110774,0.046911674160926696,0.9507684862220235
622.0971140748953,31.230425962488145,2.942935460553293,0.4106857518801836,28.643257860213044,141.07816452641976,0.05020184992970127,7.165905919745388
636.8379430069124,14.633048837959253,1.5172699018071765,0.5173412649913731,81.37748533659993,355.01926791766545,0.02297766488106445,2.932822112754678
784.5796581171792,23.286562029598254,2.676883625843148,0.5007067732451593,60.56056809066052,316.7866916840279,0.029680303062509863,5.346210135113301
868.2303949633288,23.142795670021044,2.455963710145684,0.3157180251192388,52.2323891412916,327.2692220723146,0.026655131868538788,7.778978438808263
855.3381598660038,17.962441526410892,1.9175406524666692,0.3145150583348131,49.451059993837134,347.77552269409534,0.021000397701448122,6.096816675866041
965.4366498072048,21.110916562045624,2.346123023128317,0.7990182262054641,52.85554074857657,402.820839688797,0.02186670307809572,2.9362572043819952
802.6003783755814,19.447120772670857,2.69628890325337,0.4638424859836875,55.211224283793385,330.4562313211157,0.024230141545697685,5.81294078211756
1090.7068154314634,33.76135221711812,1.5103508041275824,0.6108472597432892,56.45215585950057,395.81913175188464,0.030953645598852116,2.4725506745537547
747.0686333524088,29.678391965737305,1.3175829039080966,0.4792353441532638,55.55604466003449,272.3335210009282,0.03972645971302258,2.749344179186253
1344.0338333179238,31.357775474970797,2.168983463908962,0.8644075470692043,50.895806812552486,504.1468122917911,0.023331090853241407,2.5092139364851165
925.1334695530012,28.60836032021617,2.5196148548531463,0.4555780553194642,48.02661579692674,320.64757203141494,0.03092349510826685,5.530588722247214
628.5684887167436,19.354741143913856,2.4057128369415395,0.5577940876433611,48.487267163464885,255.4608001068106,0.030791777652468075,4.312904869797919
585.8215003877775,22.37739866860113,2.494534122146586,0.8236381502907613,48.05091719647319,234.78000749812395,0.03819832261838919,3.0286772428717197
896.4944830486371,27.44687280613959,1.5889582870323324,0.8051601400750852,61.337700968670646,368.4072552595291,0.030615774357922655,1.973468640516847
755.3074429348299,18.889360955540276,2.544585540437554,0.4116608507077663,55.935567222808615,314.6844939728606,0.025008837304904073,6.181266778375115
942.8000988184184,28.56499215086194,0.8005226384265212,0.7815859858774263,20.5961136533572,306.5613789893782,0.030298036865568367,1.0242284955094687
894.6475249147089,23.798373009209325,1.861222744902124,0.5749121320427356,56.55900776529761,362.1185396035477,0.026600837029620284,3.237403841677447
785.4342174686254,23.125895962252013,0.514396651245304,0.5897813232512132,51.94736194718775,326.78403072067323,0.02944345363101753,0.8721819952006183
630.641256386319,28.554799841017456,1.3114645747506757,0.3800879834495663,49.81291243554102,214.99808164549395,0.045278991109210465,3.4504236699308684
497.0305550628271,27.2213165574302,1.4161538371784947,0.3483609082542748,46.11481546911114,158.1917772171309,0.0547678936036222,4.065191597631325
710.6970095865958,23.1951691709046,1.4904317290231384,0.7367635841842592,61.24112719986013,312.7190742988172,0.032637212283187965,2.022944348794514
971.2797588646944,30.79664901682124,2.2386680167246555,0.5978766914131799,59.475264621228575,360.9863421076412,0.03170729003229585,3.7443640952671955
842.8187488260407,19.594683362000517,1.4713952531758645,0.5621104215691077,42.27122332176391,337.08809791063834,0.02324898845605165,2.61762670947912
550.8522442576024,28.07967803472132,1.6217340565563267,0.7377049371914381,54.07052287124535,208.7514595659337,0.05097497255832191,2.198350552906058
834.6361851702364,27.96550628984192,1.0938603271858187,0.7593077393946659,40.28343265458714,301.6205916259344,0.033506223174517576,1.4406021043034072
877.0634759457673,23.452267803430047,1.4331294790733502,0.3953449006016121,36.20381835211069,311.4076383047252,0.026739533051630807,3.625010660040132
623.2285127597734,26.63066511121059,1.0681740681578786,0.6661350896865847,43.73282775410035,226.2287488588076,0.0427301777213064,1.6035397094310893
830.7450211891056,18.744432118073483,0.6829898094211091,0.3812124493666113,58.62393472382759,368.0544417070495,0.022563399888022462,1.7916251438165365
811.6417436892,29.620135096034502,2.008621483453445,0.7508250516174275,59.53125045376087,313.07356064936613,0.036494100169614824,2.675219052862544
571.4059404338753,24.075489317785056,2.170531996387541,0.6941730937602837,55.13085420097293,231.44997271070952,0.04213377498229061,3.126787851470779
871.5574720696567,22.386384897404803,2.0487258650240365,0.8739687726500749,57.25095786847997,374.40416006006194,0.02568549477780811,2.3441636922699507
912.1569052736468,30.245046129184445,1.6587351095014309,0.3413748098138527,55.16178287114958,324.4424866015141,0.033157723144255476,4.858985085647994
1016.6102486350554,21.478281547286205,1.4494644504480745,0.3342328326907526,43.58518404777048,388.640056943189,0.021127350994271273,4.336690799581574
1010.7604104069806,17.957693518182204,2.658334123929563,0.4693122448159201,54.31922544673941,420.0364184668604,0.017766518487750797,5.664318698891503
524.4661264085818,17.216854132380483,1.7977044628405452,0.4570234102415436,58.00409525227683,244.5844962897557,0.032827390112450866,3.93350629870455
612.4349920169755,28.0300497567282,1.6979546940743275,0.4481872794431999,57.542913298135744,225.3393916508374,0.045768204172029515,3.7884937211599605
903.007053441732,18.597853237518585,0.5641051645160893,0.8437527483126221,61.88913371474643,428.53840838906297,0.020595468403745577,0.6685669061750783
902.7571901824416,33.77397090992182,1.3531195690653908,0.4497277199097036,57.08303847201064,315.3542887722202,0.037412020947843475,3.0087528723759127
903.0095372612096,14.59035296058139,1.4504890469646423,0.4631698356771786,53.51448207541583,403.93461556662106,0.016157473823403153,3.1316569759858197
1570.5462981309445,33.48228184145019,1.4970569522422512,0.7556389574507782,60.70150238316428,605.0214931615718,0.021318876037781473,1.9811802150761508
914.1781021386334,26.05508733601309,1.9504309230683308,0.569843905470324,49.7347874075094,343.8532650332396,0.028501106376382975,3.422745956120266
1027.11312803612,24.51643444064804,1.834006366817196,0.7660263341731088,41.18125348772282,390.5868390271369,0.0238692640289044,2.39418187730703
990.8003526986404,22.27540456595525,2.019762731983612,0.3392196945386311,48.36933036056236,378.4451363779001,0.0224822331817745,5.954143478404662
930.2782502611597,26.995680571760357,2.4122081538553206,0.5925427162040307,42.55097355193551,327.7398986211815,0.02901893123286692,4.070943896346408
736.9461510719309,24.81182648787576,2.532464346790234,0.3201681601099695,43.24821725025618,247.899527027502,0.033668438937886465,7.9097944839999
951.7938440986536,30.516509410082605,2.295307690566236,0.3375919220732127,48.55481329284482,319.17113637273627,0.0320621000012683,6.799059872257424
645.4349570924857,25.5711382433102,2.888809239887337,0.8438624720066465,42.07580079000039,227.77492440190304,0.03961845878088389,3.423317585172319
752.6362786519983,25.75150880730939,0.5455814566909041,0.3835472226705571,46.9203847036096,279.85928339809044,0.03421507777094053,1.4224622795913822
702.9272904341793,23.18193893893072,0.9894449642088652,0.6194524093651304,31.063853330462145,248.46709896611023,0.03297914201710942,1.5972897179025196
816.3748278772645,24.715271881394663,0.5189071874453552,0.546657361560424,52.13293707372939,329.3832420949589,0.030274416894576776,0.949236622304223
1262.9317133347015,26.53900884446029,2.1186867853865072,0.5084059957553057,50.012054753622245,476.7351825527239,0.021013811407416084,4.167312744293883
426.5469614816504,16.449158036716874,2.745076372374968,0.8399000074123635,41.82911368931809,186.57545843458047,0.03856353349600522,3.268337121263085
937.2520380749028,18.259072889471437,1.1087057414407482,0.3130940380652937,56.59245668432405,401.3580086401093,0.0194814971296037,3.541126967130351
477.4568257620697,28.716320470113576,2.8175863619907666,0.6982738117053535,59.37570137626558,172.89035767215117,0.06014432912186229,4.035073798786094
705.6136268421133,25.854327190639708,0.6506684757239021,0.8780366605281302,33.924401356310256,258.2177657654348,0.03664091254352266,0.7410493262690553
1017.7901193934732,24.080083318236603,2.8360900670137856,0.6361009100771051,42.37275221433786,374.9052804285994,0.02365918361693915,4.458553701283037
812.8560038190925,25.092169665326967,1.379056718099086,0.8620934772198552,42.30857650212702,313.61281288525817,0.030869144777715667,1.59966030893352
584.4510444141388,26.737908526808354,0.7535520711230412,0.3313547275716142,40.60096898891136,190.3250287767868,0.04574875651665706,2.274155183013586
656.9392581480064,22.301201598453197,1.714679397965814,0.5512759914444969,58.294748419317486,278.2761976981383,0.03394712878223028,3.1103828655278014
935.9195497869352,21.10847637298844,1.1419414193012698,0.4560946745772307,48.06173861227197,376.3342348102247,0.022553729514244943,2.5037376732358765
653.9266736565727,25.979226275488408,1.2121822549048071,0.738492578988438,47.35485158689389,251.18704765934865,0.039728041876958366,1.6414278076635693
843.291717916395,20.10813611192484,1.2682249123157163,0.888778254298348,29.961376355932465,328.455422910559,0.02384481631292196,1.4269306277266258
809.1143679807627,27.04126377857236,2.5075647445816585,0.4539180374665487,56.35418030209226,298.7680433311387,0.033420817684966984,5.524267681842127
669.6799304788366,16.4870819788108,1.847903191688136,0.6925047608844448,37.60741605146528,276.79760052775214,0.024619346091232203,2.668433917086799
1228.788817865065,30.14577818662822,1.278269247890009,0.418858579655844,50.599326302663286,450.1455253221036,0.02453292034265449,3.0517919650596665
926.7838044636022,27.362987412065216,2.025834458277296,0.639198152742966,52.77376937958192,351.14768653865394,0.02952467153642395,3.1693371602904543
394.9714826684786,26.28014867156938,2.290376685557984,0.5783594920130017,63.60658595838651,159.81522937138783,0.06653682563109944,3.9601263871130437
837.2908629538855,29.91345491972757,1.1815600018338344,0.8832031977789223,36.91179600880888,291.51722247114185,0.03572647958225131,1.337812187280593
667.6427070463224,33.32737222231288,1.5338727538133787,0.66511636361788,19.804878441791747,157.94706923330827,0.049917975393986534,2.306172029011473
970.4866669592448,30.07185032509065,0.8047152333423688,0.5097038232520913,51.83849544753695,358.9504448824994,0.030986361120562935,1.5787898709646713
641.4958523134599,15.795628843341774,0.9528733738367008,0.36845747093276,68.00511181510853,322.5245601471632,0.024623119208607783,2.5861149495068623
777.0527117066202,18.602115166321493,2.2027946349124568,0.3907480972409607,62.38946352939438,340.0988944227529,0.02393932211556943,5.637377764514283
900.9974557960916,21.87590711152161,0.9535958692390674,0.435190157970741,52.096594152746256,367.4361842724675,0.024279654699127625,2.1912165332176015
973.1510388340243,25.13045525105417,1.8129084591676503,0.4505799968041788,45.08363814367953,358.1753308142304,0.02582379738418004,4.023499649398632
559.9407185888448,27.58829510234561,2.272615654306082,0.8103696347046827,58.07122596637311,219.96958904872935,0.04927002839135055,2.804418572685383
733.0997528318103,21.371280934232672,0.7671923077368596,0.636733672969515,40.26453800295531,291.0773330385785,0.029151941262672516,1.2048872869545737
705.0109377678087,25.93383382238539,1.918280549072259,0.6140345468246199,54.76357769356219,273.38128323282933,0.036785009186519245,3.1240596461426087
669.3341534852576,21.22308533823339,1.1414069592534095,0.3688613231215304,55.054701591666266,278.7566344498111,0.03170775796771117,3.0944067260674686
1153.090848056219,21.942410985040254,2.9073171880939497,0.8160838160096611,60.6020990749888,484.4595013668077,0.019029212678280186,3.562522783884654
880.9963421921912,17.96669451575889,1.7088641167998118,0.7336885819250902,77.59660038911078,437.35405300456,0.020393608526287636,2.3291409446716553
547.823209132991,20.38383376944548,2.5149813744378955,0.3406010171400009,53.92415967178767,216.93867126216543,0.03720878091621169,7.3839514501629795
983.5723894109552,18.24157697191833,1.8755663553906543,0.7247010583378612,44.91036374292501,409.5211877536269,0.018546247503798782,2.5880552178195533
1224.431239402527,20.120633735113337,0.6085313321370479,0.6261229304055878,49.74425687808006,513.878674040513,0.0164326367113366,0.9719039226735484
1006.4930521102294,30.2682089830392,2.082878438985056,0.3490352074480669,32.30924095110882,312.4976338136662,0.030072943791890457,5.9675310528522205
496.1260068091973,20.25300555584029,2.8785083555166424,0.5749803849171939,43.05286868910942,183.25504801338963,0.04082230174970306,5.00627226775952
703.1531854267497,38.16191032418696,2.004029550365828,0.5908177722780282,45.90717561886896,191.76666689774615,0.054272541339660106,3.391958814371562
1053.3822298373243,27.46658950440445,2.5479721485669757,0.3994647240979654,44.75911602065408,368.0316911734443,0.02607466570671708,6.378465969230631
658.4661068762439,25.92418061847437,2.71051615837102,0.8674188882001694,51.52354872033722,253.0784199250984,0.03937056189795159,3.1248064749836635
888.7638856292457,20.708211099093933,1.0701994298723312,0.8099852228883972,41.775800676178,365.3133669542812,0.023300014136412056,1.3212579682083745
954.9268106858674,28.50154939704496,1.0301120997705666,0.701413402397465,61.21030667324472,386.6531397577792,0.029846841745467367,1.4686233485838645
614.6139056843834,22.12181086881113,2.02745247212748,0.5773773366003643,50.00207064918197,243.8349913368051,0.0359930204380555,3.5114860657074862
788.09492878764,25.610049073226808,1.5275711745167615,0.5470593249507052,49.90699678861385,299.07897422851727,0.03249614752961783,2.792331845644728
151.74653198618546,37.800422691343975,2.5996532571668007,0.6905840802905725,46.72105283487082,-26.328723549643456,0.24910238274694285,3.764426854544579
595.122471733142,24.51970050137675,2.750057808495028,0.6272591216441433,51.551906838589794,222.41667786080956,0.04120110005251422,4.384245224344766
749.486369721368,30.74636663142838,1.3835534482567953,0.3373638635291314,58.25098264667635,265.5973387186466,0.0410232498862638,4.101071862835497
550.44336360703,21.48411787437056,1.092176397436205,0.6075015892621991,41.328697842891,214.86746724548917,0.039030569346110607,1.797816527134745
1126.482260786327,24.82505754751519,2.4513137881096547,0.7838421703397038,43.41883510924743,427.9842574313384,0.02203768173871319,3.1273053184256434
513.9717244078735,33.85400317817755,1.18701508887034,0.5755439265581749,46.96273971223335,147.1511987359337,0.0658674428387659,2.0624230994302026
711.9911026606032,21.86516471106116,2.556535796284196,0.331173946532561,36.54129076526785,239.54653840325727,0.030709884757484103,7.719616301498034
826.1481154572183,34.062242789984644,1.559345634121907,0.77176691963042,41.80742140278503,266.7577646788361,0.04123018881563804,2.0204877851834318
1088.254657813223,28.538759677277376,2.168874748228676,0.4208182692815846,45.23779126455341,382.4358132498016,0.026224339562785935,5.153946267426437
512.8275697641121,22.18766612052866,0.7388382845866704,0.4551725009328232,58.74389180712728,227.05072311803056,0.04326535355876915,1.6232050114462258
1032.632750430992,28.162038695277605,2.059648311691433,0.3988238120593775,52.62561329001925,376.83884076210194,0.027272075850319058,5.164306266108277
802.0466122039174,29.86277224813365,1.629419196843073,0.4981290389228985,51.93589911367545,283.98884184596386,0.0372332128753399,3.2710785148489965
603.6982697904098,28.10904981108598,1.9665211579386848,0.754050903413181,58.50897962167972,235.98935169536568,0.046561421852086476,2.6079421814061967
892.4206948526542,17.148876400547717,0.9200355193621584,0.6116315157023624,48.62628211600603,389.85768076183166,0.019216134833559786,1.5042317077229788
839.811939114694,21.364314120875655,2.342184362360455,0.4229287644904275,53.904648499288896,334.63709664099395,0.02543940271127523,5.538011502202915
679.9566245682411,23.762406822242475,2.6569926938580712,0.8266980468912246,48.96778247067504,265.8711560634147,0.034946945089815294,3.2139820625555116
813.9604169980038,24.62783285449977,1.041849500226939,0.8277491129709176,52.653623493996285,338.72121016097174,0.03025679423740352,1.2586537199509433
722.937280627648,28.103360487753392,0.7392863888004043,0.8223470550276042,44.17241342388418,270.72742552343675,0.038873857028585236,0.8989956056638255
822.7034690502496,25.888505004666268,0.559096465115841,0.4432777268289236,25.61182841723571,267.43544112152773,0.03146760160687378,1.2612780459678181
932.4261349042092,18.32327820644949,2.104928751108165,0.5707436065085929,48.65720837813696,386.1563725000582,0.019651184711089092,3.6880461333323304
1117.2033632290704,26.900989255029817,2.017735090221952,0.8909937936845251,64.2274813609994,465.2037005204847,0.024078865263417633,2.2645893883031616
552.4369002346302,28.052928726419115,1.866743531785175,0.7632074857859943,59.26215402241593,218.72736347803632,0.05078033113737427,2.4459187921390693
1226.606674931253,27.7989522396552,1.0798677402899386,0.3163004527353358,59.653974845911705,475.9722036999162,0.02266329770397934,3.414056891007732
409.5824400954996,30.403903627773108,1.4772649897637866,0.3391227547562952,62.36130721806218,138.71956017563556,0.07423146270793259,4.356136440403116
769.6429809928833,29.16961077274452,1.9861908379654327,0.5783588260873997,50.88657590961437,272.8383232773751,0.03790018423232297,3.434184365097397
917.6634412969152,27.295900396142184,1.7419171471479236,0.8455321235169362,51.97315707405596,359.38962339053467,0.029745001454526118,2.0601430728646144
856.1983735470066,24.649171442706766,2.969463800537218,0.6232210787716286,43.8234810456565,308.3468702297911,0.028789089309515594,4.76470373304774
675.4600960358812,16.69519533242004,0.8410993813918328,0.5986875048205742,46.8392714397295,301.90998605882163,0.024716775173545077,1.4049055218613742
758.375549928545,27.148091095662927,2.2378613851189844,0.3632842199739783,56.15771149771142,275.7107846360352,0.03579768770000675,6.160084204261006
701.3998130682335,26.03843843581556,1.5107969202607303,0.6940680628345764,62.03884437168816,294.0408557307134,0.037123532043602775,2.1767273285715385
682.1270486111576,26.357894185976868,1.5704990373140368,0.7932618963601353,48.60553724319001,262.23052744582515,0.03864074037181602,1.9797989094399175
969.920419404205,18.616257120898453,2.2939944141454407,0.5282520045045374,45.498107351485885,389.355752943934,0.01919359232825916,4.342613742274473
871.4030971930094,19.594717297958688,2.231090378310924,0.7653671105551965,50.005279588565976,366.5556633091929,0.02248639850039298,2.915059123317297
661.4180809478692,30.26576426666452,2.9781399842554706,0.878685992340487,56.01206748929115,239.41544579887704,0.04575890066883426,3.389310868974743
979.91997508665,24.802224230716725,0.8209857236353131,0.4222598754766135,35.56145183866458,351.9829090958831,0.02531045887550519,1.9442664844928719
861.4599041753219,28.40750348686312,0.7602741234604158,0.6139977787168448,27.03819046862762,279.71997287430645,0.03297600195804552,1.2382359510310683
962.572423767792,25.141591880652307,2.3108470428218526,0.4722827748507453,44.494631505084165,348.81594142834234,0.026119169072224935,4.892931027501787
925.9257683847223,25.148780697478728,1.9459672925160227,0.7757126514203037,37.79287574085841,339.53811499406714,0.027160687774518664,2.5086187378187303
634.2009978155855,29.691419029879988,1.1854016663995146,0.6465560195286946,44.91859802352689,215.53428433632763,0.04681704874660845,1.8334090637089888
687.963791960606,22.41977635891313,0.6985484224724665,0.6807494505301823,48.52219681182528,287.1830169151118,0.03258859931424549,1.0261461422090343
949.4587210246524,25.48060388470492,0.7141456239910764,0.7787484957695365,45.467515909769865,375.1114693544422,0.026836979133970505,0.9170427010396708
922.074053086693,22.688623556474788,2.735477186660296,0.537582283597473,64.52467534470745,383.9601964549889,0.02460607527185413,5.088480908177672
795.8196812071703,22.82751886283842,0.9796683117968572,0.849054041044226,53.2674476460232,343.3811923949652,0.02868428540019468,1.153835049877382
823.4654766617564,23.4541393826568,1.3084289052888018,0.619817320347684,53.00474359610829,336.0315579081313,0.028482237625476962,2.110991194235818
1055.532979157685,26.11066885816857,1.06664100556747,0.3947728937012088,56.22207144043402,413.1762248824849,0.024736952206841394,2.7019104467055355
681.685722232834,22.60625689168261,1.387490764579843,0.7175394709012815,38.61166882219231,258.86840797837084,0.03316228601302772,1.9336786627738463
909.4194762340076,31.278780627867604,0.6735596068652334,0.7759568102629527,60.391117874202685,360.2183675471657,0.03439422779617169,0.8680374963614026
759.5614695132211,20.52696348890248,1.797649477270676,0.490057006240516,49.2423571346454,306.20084016938586,0.02702475614259049,3.6682456415864486
756.4637593545559,24.065641779193204,0.6690314089805373,0.8143075541992519,56.70480617241213,329.69197081083786,0.03181334397265368,0.8215954838321846
1019.755370397438,22.801344708629124,2.500891269555904,0.84368595285946,39.28142766959844,389.6336649024404,0.022359622092249988,2.964244291468604
965.083269797606,32.23488942176866,1.0842802047760824,0.4661426924266854,34.46241233983936,306.24801806345124,0.033401148305605644,2.326069296788595
962.7019272001276,25.982773882557872,1.8500297865112765,0.8901128836291332,58.17889658025029,397.5300409441062,0.026989427514832992,2.078421535669058
1061.095761430866,30.15922269734317,2.7001977189036457,0.384426916829255,53.76409526097517,373.3897502600072,0.028422715266220713,7.023955921647784
804.2007683265518,17.57219813481514,2.127193422617985,0.4212094010414939,40.9794844564249,315.5668213952897,0.021850511497745567,5.050204049003248
936.3905942589928,26.335251329346296,1.8323944663783385,0.4105349035428157,41.303369187253054,327.6895199447292,0.028124215995768885,4.463431612185037
737.9466486813088,29.448153978117183,1.310834382788439,0.8363938260047223,61.254347844147695,299.1579327425847,0.03990553250799398,1.5672454076448885
864.8332704976884,25.41141994637712,1.3325047826454948,0.6925755313949772,38.10588107132672,316.39169935313714,0.02938302770400302,1.9239847817920739
773.9713891264631,30.32740187532676,2.173717387995475,0.3912625699333637,66.42672953255963,288.6309599557842,0.03918413820122673,5.555648699965557
819.3991929985436,22.41355774949814,2.9853484030529187,0.5641940510210095,40.99379265352131,296.0356922794907,0.027353648796598188,5.291350374308981
919.0314050873828,32.0467372009279,2.1545979746234467,0.6691788150418813,56.38391925608383,332.05967554834086,0.03487012198226332,3.219764173928009
636.3558633533055,36.49449061809625,1.8944585434250625,0.35007845099363,46.71381524251015,164.05685985129213,0.05734918576185801,5.411525725299596
1218.477455137092,23.185807197801704,2.326626275598115,0.8294498210444032,56.03187431082343,501.7319229837142,0.01902850733926222,2.8050235427967656
598.7965237000597,22.77248739299614,1.663014030709295,0.7821621212649212,44.55885997885808,237.25185822891245,0.038030426850645845,2.12617561691667
557.1622774424536,32.2669223855885,0.650355856501963,0.603124064145983,48.37207093927706,181.9270855698726,0.05791297022781874,1.0783119015867155
1031.6221747000136,32.89786072865356,1.9057420396947744,0.8802759691555024,50.40919175395721,373.9343278054794,0.03188944706255462,2.1649370271041914
958.3325387925872,22.385699864233658,2.8940632112634503,0.5506565875650599,39.97812544218528,349.9529643458557,0.023359010529307108,5.255658929026283
924.823963410431,22.899065914520712,0.9382573558941492,0.8904661914218988,57.408243454201255,405.39147871212487,0.0247604590932926,1.0536698247868763
925.669101852856,23.591076955697464,2.225012227051664,0.7007519992821762,44.86786433528415,354.8354623268156,0.02548543200640124,3.175177850838645
797.5506454306171,18.277747444828613,1.0023342216476412,0.6808027639523649,47.714000846599816,347.0763186224453,0.022917350201578746,1.4722828324442194
620.5491257028336,20.40674026757901,1.8395692111827031,0.399572937177471,40.05650625391488,227.88191619811468,0.032884971426664,4.603838348455654
815.1609116387452,19.97929616623966,0.741691124116799,0.8291566549827865,24.37666341204689,308.962132156365,0.024509634700312866,0.8945126589283623
664.5676576975777,21.16101217447936,1.6259273406454628,0.5564938127523691,48.08972237399831,267.7668641857948,0.03184177251085701,2.921734803490034
995.0239466835502,24.826575563066093,2.390408322238115,0.3973400434694876,74.12615421612915,418.0919282414412,0.024950731734461207,6.016026729562883
770.5885236995723,26.1710736626826,1.3689288105974553,0.3075645119854554,57.84604287898024,294.7610644176747,0.03396244929399683,4.450867240048134
634.9005606414977,32.75250246407038,2.162279311218045,0.6358534101830295,49.80739620265605,199.9823817385303,0.05158682240094032,3.4005940309349536
735.7228316694013,20.008229796306047,2.488624901974323,0.6164397732736058,47.37109170791732,294.92590674600206,0.027195336253064372,4.037093338021443
882.5862908551248,29.92161199238292,2.817944548698632,0.7316121734214952,50.22465892812046,312.2769374204648,0.03390219438304702,3.8516917173754606
687.255089439205,23.93005577887245,1.086605204638634,0.8341548318106813,55.4711911517521,297.0358287289717,0.03481975782587394,1.3026421033610325
635.5559208867137,24.75268145173784,1.4982897895232703,0.3476439507858177,38.19187184691155,209.2420044338776,0.038946504372429476,4.309839955898907
848.7374422983825,28.37409746083302,0.8810400333260435,0.7388978942042175,61.143216946688725,348.0454178855158,0.03343094819052158,1.192370475321101
848.9933142217445,19.386389892188507,2.981208755395938,0.4124471664585493,57.15381315441244,347.7832733055483,0.022834561318023604,7.228098524700491
698.6113649257741,26.91204873092025,2.8175024198107383,0.8149062318942983,57.18185725707934,271.81830422647465,0.03852220287567122,3.457455974120219
705.7923388763354,25.83226104106528,1.849892825701399,0.7914381083169937,54.38475738809727,282.998122280238,0.03660037041800683,2.3373815416030785
846.4099874715273,27.462256320040744,2.605083235941053,0.6244762529913266,50.1961665769399,306.8180268324428,0.032445572153606654,4.171628982627198
510.3831317005352,26.44584321953909,1.8023949431801052,0.726145679173987,56.7286123596682,203.6645958287533,0.05181566861628973,2.4821395966032394
518.507245124689,37.27650069955448,2.0589642200068994,0.4886100679102491,55.91814133741378,136.69753842237424,0.07189195724852475,4.213920987778546
656.3111557495129,21.81130007874342,0.7228110802900416,0.5827007393596888,46.45959289058976,268.29407385235163,0.033233169797083115,1.240449911020047
757.3105696576306,22.345015224990917,2.38817605124202,0.7929821386262831,44.26398227103099,295.4944626990536,0.029505748526780475,3.011639146600653
862.1815131196009,21.88429736787618,0.8192837090880871,0.5755591183039284,51.01856295261987,358.0733631380148,0.025382471132665556,1.4234570924744834
1095.0712433899105,22.22261440419873,2.565169075631321,0.5146789591952651,65.49020151495188,457.9780855683244,0.020293304694410787,4.984017764476197
971.531924640404,21.81306436346741,2.455070219175965,0.59652746835018,37.60892924346099,360.0409777514958,0.022452236318987816,4.115602967900152
768.0122940073146,30.94508265553776,2.271861744357441,0.796949551462331,35.324747342475604,240.25785913973044,0.04029243138032767,2.850697061299273
796.1967584194622,32.10252123994928,0.5904009513119053,0.5011248284225236,51.647608412365166,280.41354590077594,0.04031983413707474,1.178151466113566
599.4941270724382,22.14626853125262,1.2578208898633214,0.4042569558814463,50.50887701856018,237.71870110527163,0.036941593805766566,3.1114390774569483
796.297372801522,20.83822213447885,1.1577814247771072,0.7272084121984685,51.73341664370408,342.57727809777504,0.026168894744894255,1.5920902527474166
742.2682722159724,27.35707778193202,1.4003410186787977,0.7955869276248492,52.43953197908501,290.77692012935336,0.03685605165401995,1.7601357815913161
864.5437120676179,22.238884778595143,0.7191068669095964,0.36038248711412,47.76797745365195,340.9870715279854,0.025723262419443508,1.9953990346980468
634.5538112895354,28.164659088777555,2.842394557577657,0.4439244676535668,64.89863438602082,236.56777565086975,0.044384981364372474,6.402878788370428
903.8693028482344,26.0146151042565,1.8845056017809407,0.3851831938565963,33.99096021523484,299.8706697235014,0.028781390210155775,4.8924917593433275
1106.5477826005156,17.42127942501384,1.2638107766450588,0.5087648469493,41.71502975219754,451.74291000054654,0.015743811246968307,2.484076453440584
778.2479703086285,32.737526006650306,1.4924537926857084,0.5702105873432477,48.96745239850953,259.1324543275242,0.04206567476644705,2.6173729948428703
880.3423444197883,33.97938836547761,1.618006351262089,0.7492958021779839,33.568111888458326,270.66094631372226,0.03859792566024139,2.1593692992260434
938.0287983422224,21.93605654757807,2.001485833401543,0.6906885509290045,48.241455955679285,376.53371772279206,0.023385269819376168,2.897812379703504
719.7559056228328,23.06149220032008,1.7891985692412444,0.6725571404870587,66.61470165728018,321.5601758940336,0.032040712719632464,2.6602922808098146
844.8184963620834,26.429326953624525,2.7984799330360435,0.5114249679657927,50.20886488295962,303.78494261055914,0.031284029726424335,5.471926691743417
802.5184801563589,26.672283949935125,1.7424087072645755,0.8048685318508559,52.30700905718683,315.07932994713866,0.03323572554334004,2.1648364152811084
819.5352197097664,28.29272136336415,2.980395037058281,0.5827723004388987,37.3983523482742,260.4818504149963,0.034522886488495094,5.114167291090671
645.3980432289068,35.05102269383175,2.6285623943627394,0.8874629628090929,43.83638591960523,188.66439985844164,0.05430915550730917,2.961884049834071
804.9020348517886,24.11526386252975,1.0212762858933395,0.6804852829774422,46.24803619676063,317.69206831152667,0.029960495586236452,1.5008058387754941
899.59965824909,21.00851377730773,2.82648803660979,0.3757588449387016,46.82284903243766,338.96605435880986,0.02335318114526305,7.5220798516955245
1090.2287215590084,18.103403859927365,0.7909159947136902,0.7057065372452604,62.81643795003769,498.583512139168,0.016605143032775552,1.1207434719267964
991.8541652170412,21.345349800290403,2.543624271227979,0.4950624092590194,55.57691060725124,400.4856160505382,0.021520653488025163,5.137987097495703
1230.6364915023114,24.83436513563101,1.45155823369145,0.7117963180116584,38.88542043062968,466.92784534769726,0.020180098109486594,2.0392887641597426
646.5304874223901,33.97278931758894,2.6949358011126736,0.3417846888974434,52.46504778432005,183.8182203833969,0.05254630675350333,7.884893292927236
974.4641273441356,22.411943504819146,2.6701417252686257,0.4049288623055756,54.98221748496785,381.2353942460868,0.02299924940890542,6.594100776283093
836.6684011476704,26.118939758194493,2.514813500294053,0.8134423553434718,61.40149038521267,342.39962520275407,0.031217791567563397,3.0915694071919653
1237.9605866435345,24.91788551963624,2.475076090767653,0.4363077342141089,65.80540686568374,499.27024659362905,0.020128173536764816,5.672776108876083
638.3403429289697,30.94196636724042,1.261697847745102,0.802224675145764,39.84905808172131,207.8186767786656,0.048472522080095816,1.572748740888395
632.0556315638448,37.63466212936811,0.7022982076281304,0.4675656530726463,41.89142488789662,164.78709233184165,0.059543274752970186,1.5020312185313864
680.1214709111956,22.3456561353984,1.5074504469129035,0.6857291460352246,37.42422141085384,254.3807033418261,0.03285538994300637,2.198317594678218
375.2208551380386,22.55280278740889,0.9338112874662716,0.7164903441058987,47.659801408930186,159.13033526666362,0.06010540853096245,1.3033131502024156
694.8489956638477,30.22080438534536,2.2373777222561544,0.6075928518870317,54.66358374446335,244.16860919952904,0.043492621524872294,3.6823634697271665
648.1734676892604,28.40945744813156,1.365249316344464,0.4831864060180387,59.87334516589102,247.4756173042857,0.043830022153500556,2.825512678627584
830.0787572952415,34.23353662868017,2.939025502149787,0.4275866258226577,49.24048976357477,251.33387557148035,0.04124131153558002,6.873520649751924
868.3511951554319,27.919640926629818,2.10243019336333,0.3199136127374557,46.80152476745156,296.3167016671663,0.03215247595949044,6.5718684971643775
1175.2341678431771,23.203539546064704,2.556201409085902,0.4823678407444343,51.51757992248741,455.6675071982849,0.019743758461897423,5.2992782544145935
990.08476763721,27.953274153461543,0.8313116818546211,0.6918976743187699,41.64857098369977,365.8464451523681,0.028233213020912033,1.2014951237885223
684.6192688675194,30.543517902914537,2.655036205681556,0.8629828910690898,70.89538721694774,279.5196749629695,0.044613874151451925,3.07658035073258
620.3170657303284,29.102410905986822,2.806892976283486,0.8227226893578312,33.923389728819416,183.5287559248928,0.046915380075386426,3.4117121268095585
898.3838343013011,27.53637015553649,1.7176547970473397,0.7596388659211817,51.847405788957246,346.1718898463382,0.030651008070456114,2.2611465448972425
535.9533585958716,30.333373447945768,2.0156323443774435,0.7730684059519792,70.2360621922964,221.68369743703715,0.05659703957712903,2.6073143448351566
1166.2917531708708,30.84647795222836,2.4120245022574887,0.6989909420855972,50.067998445599976,423.2496104801115,0.0264483375350671,3.4507235459456305
1035.888024144257,31.91079495518764,0.9370965681510314,0.4561721145396018,48.099609649985055,364.4380942272047,0.030805255212356584,2.054260964848343
706.1648695790591,28.24354943794821,1.756415191158606,0.844317018423498,46.42554577189573,258.7509911952628,0.039995687486951925,2.080279270502175
457.3730941818245,24.164409598415727,1.4966575694307829,0.7024393871435004,48.19608318237592,178.6747497082702,0.05283303697967285,2.1306572450571206
1070.7744748330826,25.733568432166614,0.8659349804056228,0.636264378588264,63.7284847467653,450.25278639128766,0.02403266891114311,1.3609672481224695
777.0920309494765,31.032544832541785,1.4188360557288286,0.3665936815280886,27.88138088670493,215.57817350960767,0.03993419517457309,3.8703232685698015
1047.5632623946924,20.91532164506382,0.6704307734637339,0.5682333262838553,65.33433701296326,466.82472933803984,0.01996568837022037,1.1798512027589647
481.1144682411266,26.843366544364507,0.5645297673737175,0.5762149627211558,35.76042847549855,152.91526198794585,0.05579413698053881,0.9797207707133196
680.1249954092455,23.0333059383632,0.8379157228870568,0.8187381657136021,47.333476707655855,284.10817294400346,0.03386628354175335,1.023423309156157
801.0487399436366,25.14372411467409,2.9077877789729345,0.627988932112673,45.70755579701338,288.4375558140153,0.031388507166796434,4.630316921654318
809.3961187529484,31.392259313036494,1.8738238397375424,0.5282403293822457,55.8855326977072,286.24199440314817,0.038784791013580754,3.5472941680331345
709.9869057041512,25.95549534009952,2.91455540288305,0.8860801971063956,34.01875648116253,237.41325436997724,0.03655770991206854,3.289268186334477
924.5699864694998,25.232182740780743,1.58124469582533,0.3664323559957894,54.62172666081943,355.41970504707126,0.02729072229256613,4.315243099993876
586.4759141234811,18.20071929510041,1.279540332713149,0.5535290569871668,70.24309623286852,298.9540111618543,0.03103404395098192,2.3116046331472244
771.5241029957413,28.731267830136105,1.7653546571006102,0.3252148051028432,36.368259954071895,236.29701563989585,0.037239624424662596,5.428272727443479
824.0591263423797,28.227420905705376,1.5987792215822754,0.7439424724601582,51.89706167610396,313.49000076781806,0.0342541208553735,2.149062972967843
902.8877668117498,35.8162736165273,0.7641617106543598,0.8508459313194905,43.38017822203391,303.7347745455622,0.03966857779345117,0.8981199562996076
942.322975617778,23.461108825234994,2.1020657867255155,0.4680223977302936,54.25887206193036,370.52185226405646,0.024897099436479424,4.49137861119388
575.0715816324262,26.09575163831969,1.040095456273999,0.8150050060794727,50.19147777415752,230.2821257509207,0.04537826676157952,1.2761829050318463
493.17716585287553,26.246918418553776,2.048969887244574,0.4753309382771387,43.5851309095569,156.48338410890636,0.05322006012416185,4.310617555573324
1055.5353643797018,32.887266398817374,2.125502730995384,0.8464620969863492,54.87872284871074,388.603336994579,0.031156953626223574,2.5110430089696756
866.4628023959183,24.52352233806524,0.8800621328216203,0.7523771421580705,68.04348109786743,388.8727072434633,0.028303029593715386,1.1697087584257362
650.3026926886893,26.395107628851697,0.6533740677766704,0.7829440661048632,48.09096208272701,256.94092572414775,0.04058895638232806,0.8345092530392344
1110.2303951045046,28.039482548582697,2.4519039651711,0.3108039333602727,57.19757942148182,409.3110611581546,0.025255552966502396,7.888909058074699
823.1349268585717,25.93304561578179,1.6495010594233004,0.8776862142444157,37.06727042128836,301.11258362508426,0.03150521836651152,1.8793744651023443
1035.8594368127654,22.76783192724736,0.6454094887636894,0.736002595242194,40.43563623181991,411.721922426982,0.021979653916463487,0.8769119741368664
813.5036962820218,25.97044996449154,2.9871657929244178,0.4828506572316799,54.72406277880377,299.2682291802984,0.03192419417783225,6.1865211286046256
1212.1495849763974,30.36815874929886,0.6444514024909166,0.7976367989153083,64.84116028535965,496.1386867356402,0.025053144534047077,0.8079509412896876
1151.0681684886408,19.8674235029447,2.237588072146383,0.468912719048958,53.5561334878566,469.2721720874301,0.0172599886321509,4.771864744220687
750.2071703041853,25.66484837073438,2.959197313158534,0.8236523037396768,46.86941969476845,277.08810771293764,0.034210348003376315,3.5927748878048624
994.314190190871,21.499395925304132,1.097950260539814,0.3675482342471622,49.99291405423354,397.6124336652549,0.021622336417804772,2.9872276839765313
929.0751899170295,30.97523314462421,0.8556234217179904,0.7222115864764775,37.49592266030282,319.3001006709404,0.03333985610722253,1.1847267999290927
1073.7263115064698,17.384065476081126,0.8034623485560722,0.6244190859869463,56.04515326355367,477.8468345630762,0.016190406521463342,1.2867357301965445
607.0153078839792,22.205390763642058,1.258187868918989,0.3579206821172644,58.82333062323409,254.73998599852283,0.03658126982175917,3.5152700913404407
937.2102919996878,26.886059375322603,0.7526145275266167,0.4451362969553034,45.4790966716692,346.1426828390995,0.028687328345441986,1.690750749095142
1011.6848973699176,32.827620146171704,2.23040335423533,0.3074424217663888,45.299578522404985,324.20310280788465,0.03244846318405448,7.254702657560086
448.25210271537713,24.67124869463506,0.6557294953251567,0.5812607792787035,52.658782296520485,183.7679062167001,0.05503877961795163,1.1281158452473996
563.348297466845,22.22400236653401,1.7735553203744745,0.4807591564560002,45.63280263959405,211.78731705231127,0.03944984384698876,3.6890723693097107
392.1535644479799,34.40578534720295,2.991742134632442,0.6590144905786554,49.338673853741774,86.54314993326912,0.0877354905485424,4.539721322372605
746.1186331110885,17.75993049791878,2.534925673765047,0.4783426846251703,70.99721789166516,350.2101140317799,0.023803092041630506,5.299392580345232
943.5084511591924,14.005970216899591,2.038048595577527,0.4799514669041908,47.52974299254004,406.05010275369335,0.014844562547046492,4.246363926593369
1100.4714104192055,27.20007225026666,1.2656340519665292,0.7459159192389622,46.41659847978778,421.6608553182073,0.0247167459260984,1.6967516302076264
814.8189560839551,22.489728878236946,2.0597395907290963,0.3288857015870121,43.52458194364841,296.3749911017538,0.027600890615411395,6.262782421947762
1125.7231091142585,19.893835914346436,1.8176036597791287,0.8417369971151925,57.441919714999365,489.6147167619383,0.01767205074967263,2.1593486635474433
523.9797083570218,28.541782236496765,1.5652084597259286,0.8113583246347089,48.18775826781897,188.174320330439,0.054471159438581496,1.929121095085355
459.323512128969,26.219003568856,0.8267759418504987,0.700682809935844,43.506269616785744,166.41330731916634,0.05708177978377518,1.1799575073437296
788.8904602206762,22.17960684631636,2.7165105381011667,0.6559329420644306,63.21304032273012,336.71577222435883,0.028114938593771385,4.141445510499046
876.8130897878615,18.59847800664553,1.6244616220533064,0.8353814988837913,64.19603004513637,411.6493646958462,0.02121145113281246,1.9445745736814346
793.4610503811814,29.36228664140072,0.9865562795519128,0.4111981077172286,43.99576434261295,269.25885822103714,0.03700532827325925,2.3992237829808905
386.5115799920247,28.251005889793305,1.419398377193224,0.3473814973144972,31.33460048639384,79.19389461442364,0.07309226256656072,4.085993031195299
782.1759920974423,24.504120681103085,1.5353243813223176,0.4437061019457229,60.07513689836922,317.33212851426293,0.03132814216835538,3.460228233485346
539.1060998990293,34.23318498023833,2.5688447389171856,0.7767469672201142,43.15370174239996,143.9328195150539,0.0634999028700472,3.3071834810128427
933.9345097660076,19.64957616836924,2.3340359514035054,0.3208021600358899,57.90625599162769,383.8381835355718,0.021039565368766958,7.27562417641572
873.3196492193697,17.372374145376305,2.4232622341033494,0.6496841010500938,30.298961822881644,331.31549531810083,0.01989234315396988,3.7299084742671025
612.024042734529,21.540459650593775,0.527578161071618,0.8972625097147859,58.92597338299309,294.546609481852,0.03519544682321761,0.5879864090602872
697.2266165326613,24.77206991822251,1.5403849954494038,0.8134176563025237,37.88828070719219,256.0738912969685,0.03552943810638656,1.8937196451468576
588.1572956222096,26.21669724661346,1.7033603790883092,0.6128674134261537,57.30764119066525,232.4044812775716,0.044574295756850055,2.779329332531974
787.4641805453656,23.79381971071835,0.5479806920576418,0.3381845455719854,50.14273067836434,307.73145537930606,0.03021574859981532,1.6203599461673197
991.0284641002476,26.760276982571483,1.1495330218625854,0.7988241086314259,40.46060580603356,371.9770875522542,0.02700253116025994,1.4390314581666876
602.8547907328913,18.74230287904778,2.4007245578053373,0.6593871049063263,45.9296368707322,248.25178530664496,0.03108924929710311,3.6408424428415054
900.8093031035688,32.2188230203663,0.8427742643224976,0.3689597982357401,56.86318456956701,322.9762225472922,0.03576653006286948,2.2841899533564423
693.9484763255118,24.58924410803716,1.8382753286314792,0.3563143708940137,51.05894453115234,256.1840243107096,0.035433818139119354,5.159138891926077
641.4254335475312,30.58647915794064,1.0380046800430938,0.8457760916619554,55.84412980472485,247.2347950214258,0.04768516737600507,1.227280707360039
778.5939280090885,26.71362673188852,0.5303019366097332,0.7015201577628472,69.76440584515485,347.1712377565475,0.03431008870079025,0.7559325712048959
592.9515355161252,27.28376609576892,1.1030036439988538,0.7975720795900534,34.357583882889486,198.3255190328986,0.04601348417458807,1.3829516757479652
689.2701389305636,27.84883640116102,2.9396843872751344,0.8273873401693606,66.17212574968624,280.7806482015095,0.04040336992455506,3.5529724042833446
560.4244214822303,27.238542800086574,2.503842779707474,0.6430634112289934,51.04355937523213,197.17891610729845,0.048603418687653034,3.8936172327426375
1192.945026583278,28.21361379933772,2.8989416108025834,0.6104678110530248,41.01215951676872,419.66823511478543,0.023650388886858033,4.748721485907769
807.0527103943457,31.64576265066216,1.7196351098159062,0.5582564461925941,36.696863742610105,248.7024696011184,0.039211518954194786,3.080367672499111
660.0548984014829,25.98260584850735,0.7743404966937588,0.4901679526746716,48.10879609222967,247.0915149693117,0.03936431031938688,1.5797452535777972
842.7959821468444,28.54501878794256,1.8698987224342325,0.5607575765152271,59.2165011192446,322.16519275893324,0.0338694291294913,3.3345937723294523
777.5343900618341,24.551321528563868,1.6359433363999023,0.7643277934380939,48.724508796224654,307.5631222822693,0.03157586576538615,2.140368766443928
755.8060800933554,32.200586077247365,2.61089270684904,0.6611540586090789,65.11154930247348,278.49137611801586,0.042604296161880606,3.9489929356885103
922.833340008685,21.61803848970365,0.7452064519606114,0.8355139739729078,35.48824309948441,366.3432639329639,0.023425723315870013,0.891913810151038
951.501542009461,34.004702164554075,1.7206028425544455,0.5660280086275127,49.87911052153945,321.43069902992414,0.035737937000858755,3.0397839264641875
693.8997704778945,24.799210246778284,0.8751216617349606,0.6642537472312524,37.47606555586881,252.97745881321703,0.035738893860274464,1.3174508467323662
684.836351871064,17.84612448940976,1.31168981722515,0.6787845318551933,53.63631882624968,312.7988843743844,0.0260589620288873,1.932409705389362
744.9896605696712,25.640522074553942,2.3433926934694997,0.6550182973837954,58.868873900973,296.84798959153954,0.03441728581165463,3.5775988286575053
339.61576705288303,21.594741712625595,1.6900453234219164,0.7215802638513098,45.79238206318946,138.6359223427505,0.06358580433417564,2.34214460689597
496.9617875602896,29.203217744943625,1.4397207128644234,0.4424600810248837,23.95786143372866,108.41014608945498,0.05876350752903873,3.253899672778513
1073.374853488905,21.736880103488044,1.4861906964250884,0.6074182665274744,51.98948146796494,440.15351017617456,0.020250968273417568,2.4467336238033037
1128.9935427002567,22.769082833926102,1.6486169210149666,0.3625348816850086,54.36738551733509,448.1273488192432,0.020167593500551317,4.547471165677737
750.1927920887243,15.552296345272346,2.462541359592642,0.5307067965868876,54.042947549616976,332.3114564417799,0.020731066079655157,4.640116492628098
915.3113926111532,22.738468403754617,2.730211722350586,0.5926002411727587,62.35782191822154,379.47575369726337,0.024842330803823476,4.607172816783679
862.2500309087072,12.880603366855215,2.8883367162598206,0.6913345557272835,39.28946320350951,364.7592825599919,0.014938362313864596,4.177914574545304
1415.7761616910475,17.080485882571384,2.467258465638237,0.8703186315517222,56.802161054504495,613.3557042937748,0.012064397144651677,2.8348910113980597
1023.9149822869152,28.802073280721487,1.288517239370032,0.6603906399290136,61.92507512477975,409.5401363634686,0.028129360131435938,1.9511440069903727
774.4164817038467,28.92900079325416,2.2203367652163557,0.7461563497059359,32.21412415993483,244.6542868682708,0.03735586919535272,2.975699082493102
608.8919118799149,27.127287808924823,1.5940078101384798,0.6037596356971218,53.19651825918977,228.56126590919268,0.04455189382491722,2.640136431608223
478.7107359484855,20.16511928435393,1.136676555115128,0.6804624188257988,44.958201689923285,203.23145672760975,0.04212380832529296,1.6704472189317512
840.6927271734446,24.7614432192901,2.6021789485648066,0.342559329680264,49.18477326898354,301.94559830925954,0.029453618925124266,7.596286900122128
648.7298509431394,24.98198730454716,0.5960658724058125,0.4526349485051082,53.47676483538336,258.20662222648394,0.03850907626376023,1.3168799147622283
515.5492580804652,19.208176554037287,2.754404980338559,0.5171118559230832,45.12771435886448,198.74579217249715,0.03725769410580616,5.326516785080746
670.6854231514947,32.51699150883575,1.6536936615618354,0.5834960130039082,43.24291920838388,204.81291416776395,0.048483223857827606,2.834113043975091
583.6903992771211,29.386811452878355,2.093003692020701,0.3273892473014302,50.34152417488025,182.66457624108165,0.05034657326773377,6.393012932686986
1137.428327014513,23.89517913085168,2.148384805514457,0.3840144585319906,39.12754061137197,411.4673912457457,0.021008074586616826,5.5945414496300385
976.32795138989,25.13442919497265,2.737794351766341,0.4660885846747835,39.14174871114815,339.0690177194649,0.025743838593570476,5.8739785564082325
798.4054717366765,26.04191403973776,2.0916742054180184,0.8829196145406304,56.79373282956503,325.9693228279632,0.032617404265894975,2.369042629669389
1095.988827778005,14.791325657878549,2.0348339619001545,0.4988082042618305,38.51205964841344,446.05509271272615,0.013495872661280963,4.079391526671934
815.4736615295236,23.76411308739701,0.6666301014017249,0.5892246348672496,56.66312500909212,343.49007992235386,0.029141484524251124,1.1313683474078005
627.7431597343473,21.590078760011007,1.79602005486301,0.4176586276430357,54.62591292853951,255.3214267842846,0.03439317247064492,4.3002105930349215
1104.6248154539314,19.991899950525426,0.8754225020426041,0.666468042645461,32.741932712094034,431.9434689649806,0.01809836215050991,1.3135250995197378
907.7820087369316,23.594498535570224,2.343584421803714,0.4684099293095846,43.22435347664345,331.5736700176506,0.025991370514600858,5.003276564307792
592.5507691347087,33.988432634247616,1.780554802031686,0.424195547063056,61.94109403047372,194.3645618764288,0.05735952833861024,4.19748583963096
761.9322643832784,28.20421430633505,2.2005694480208837,0.6099435770675874,40.18834468860318,252.620007972013,0.037016695085309255,3.6078246099426345
624.8763493230485,22.14410505108601,0.6041822515059607,0.3033034794962524,45.355957376906126,239.06528068735463,0.03543757909076817,1.9920056720398618
523.4400538071328,27.862913906780797,0.711980040114508,0.3045984195895352,54.62060893251896,187.4127904323188,0.05323038178703686,2.337438392076834
