rainfall_mm,temperature,population_growth,infrastructure_index,groundwater_level,water_availability
899.3428306022465,29.630887737658206,0.9187064556476744,0.7297940328376094,46.907909229501364,332.701149097014
772.347139765763,34.54708320235065,0.7614196008360006,0.343250601599204,42.478435944094166,230.7086458543405
929.5377076201385,18.007162130904295,2.0910756238590915,0.34275403665915516,53.1917451041918,384.38970819628435
1104.605971281605,27.814846183452854,2.266189316217253,0.3072650851409325,63.40450446023144,422.27852761071466
753.1693250553328,21.746787154390866,0.5789653620641051,0.8739008389796881,31.248275303542556,292.9357331856073
753.1726086101639,22.56437308117652,2.8405306156092247,0.7425050156754043,51.150260791474174,299.4676442488093
1115.8425631014784,22.038030378805654,0.6299282091286811,0.5119508451012384,48.398672044333594,452.2424775990054
953.4869458305818,20.68004615160092,1.8532408382526762,0.4779213487725932,56.713400764504655,396.78500815934035
706.1051228130095,25.242608139724133,2.272651298627291,0.5098219378475097,52.131966282376894,263.2575248974395
908.5120087171929,20.84524941794481,2.677422809365214,0.7647921187087092,42.48030668261181,355.6045476041601
707.3164614375075,26.352284128899193,2.2852173303310694,0.6968223666422486,46.80946064333382,256.77303024597643
706.8540492859486,24.748809452754315,2.5043202076744797,0.4111173407204808,42.03974143196511,238.58972027381736
848.3924543132068,23.80525976566795,1.348625481357015,0.4044656012004506,60.76007138598598,348.58785091536737
417.34395106844045,20.46218168979201,2.5370627843662805,0.3590373898280384,50.21311648671942,157.6341465995941
455.01643349739345,22.116143347158335,0.7002871159616879,0.696181631820803,69.01190685753008,237.25588080964914
687.5424941518055,28.77695612912878,2.737041640151319,0.7586235973330416,49.39339186185379,240.4797642039248
597.4337759331153,27.504585938121902,1.8689809403843407,0.4590278569950024,42.91593233089537,191.54402879033404
862.8494665190548,20.112223776007244,2.5432444249062343,0.31256697661854765,34.862856073871725,304.5002844571942
618.3951848957578,25.49666152714613,1.6307957112957503,0.3493030004858564,31.96860323744055,184.9691657087889
517.5392597329417,28.756935616858947,2.108944237991312,0.8807160209070184,34.158640569945106,154.49466561420996
1093.1297537843109,16.652973594393142,1.816006652340283,0.47726686648645217,52.67126651011483,465.0328433629081
754.8447399026928,27.716800961899676,2.3289738043883297,0.7615338887028802,55.08725023229934,288.31534800743816
813.5056409375848,21.686881205270765,0.704074955076474,0.6747981413125583,34.188092979678665,312.0431938229006
515.0503627573087,27.852993342965796,0.6508802099764095,0.5291637837917376,58.950383140761154,204.6053317594396
691.1234550949634,21.183704217287417,1.117758085025366,0.42341235731733307,45.1693894831656,270.86267693349254
822.1845179419732,15.975589496677404,0.8988617002829709,0.37283185089564386,51.467930119855495,361.5846954750658
569.8012845155395,16.862287810584185,2.6794589164805043,0.66900778082332,66.12220628255425,282.50928719476434
875.1396036691344,25.24042473330691,1.0480349683951107,0.7647802683826728,58.96839315865532,369.5491678536124
679.872262016239,26.29861250860741,2.9396631395478283,0.6863425521246784,47.314693520941674,240.00572551609756
741.6612500413446,20.478416874477958,1.342239479427767,0.618181279949495,41.08807774584713,293.9352403390394
679.6586775541206,28.19296229388687,0.9552947892217483,0.3251707340589817,28.48184598670695,194.5679403363594
1170.4556369017876,16.6923996886552,2.4742462678561976,0.8810932665566305,42.8084668075758,489.6493905818602
797.3005550524132,24.66960100676342,2.14676943875219,0.7792285149927448,47.88869761172305,308.84334357270967
588.45781420882,18.944919001187717,1.7454892911328475,0.47569322202057884,40.12820472848816,227.24470832426618
964.5089824206378,21.740819460989204,1.8884088773440781,0.8879821976153104,48.68743032907695,399.9893774287878
555.8312700057955,25.23699335658207,2.2980044456806596,0.6611289537817933,50.768518829587684,207.76098211086634
841.772719000951,20.69793317358024,1.0711368533282468,0.649453594924348,47.751440181919214,350.4836133092526
408.0659752240449,23.077222278850872,2.9908347901418546,0.7488439076577194,43.4999741917654,142.37407456036186
534.3627902203139,30.0314640460722,2.936982905366958,0.7870618728540826,51.68654671966728,176.94415388613365
839.3722471738247,22.115540652384254,2.1258142158673423,0.6938871643989016,54.41940649569409,347.4462246602685
947.6933159990821,29.17846056032571,0.9988561273228629,0.37685744781972,39.096009225571535,320.23135316690474
834.2736562379941,19.351465726711908,2.2005706060782284,0.5029605035966991,64.10932379746271,368.3131005756162
776.8703435223518,27.649020889576413,0.6804960224479396,0.85685018419563,49.014118677157384,306.56881930067556
739.7792608821422,32.207843103289505,0.5766312555145152,0.4347693671063112,50.188496229448475,251.22163709547675
504.2956019265145,12.641777499363553,1.1442072212780343,0.5233002143025081,57.08214423256557,267.39658024126425
656.0311583210582,21.015523722647615,1.6565573918482908,0.5592461297665177,52.332161312635016,273.3958999102982
707.8722458080425,27.8853606359027,2.6706812635209514,0.5636429938166714,59.53136633913245,264.2601648775924
1011.4244452437831,23.984773069785035,2.31792267441577,0.6677637494967154,52.87124165201824,400.59735678330264
868.7236579136923,26.855729366856544,2.3567663029999526,0.8658455026468246,43.87562625359562,320.6866809407272
447.3919689274532,21.980074066420897,1.5637333361201884,0.444415627099503,53.61503525206102,182.8699357367721
864.8167938789591,25.4329489373645,1.3648374813674073,0.37290082578055084,38.56273792679338,300.88411519370135
722.9835439167367,24.221613823039604,1.4275969074615067,0.41848229391596237,51.085597057765234,276.9046881882102
664.6155999388083,30.838910308299035,2.9691239093401447,0.8321549401255617,49.66770009355539,222.90359653401555
922.3352577681736,26.272104216506065,0.6002729785312062,0.6874864875931237,47.918831427274604,361.78283947363246
1006.1999044991902,26.68801331037601,2.6675787403061215,0.4715440735434961,48.71462488561069,363.370561293131
986.2560238232397,22.940615169387662,1.9466885214309835,0.7895681633811704,31.18150954502361,362.1738757271535
632.1564953554723,22.561968879637533,1.5965385479739762,0.8168219978180618,44.512750922590385,253.95397000034538
738.1575248297571,22.837209060901895,2.313144151037841,0.8079086032141669,50.928449011411146,300.1978513005456
866.2526862807129,26.972260711891483,1.7166723535617572,0.8513559201837329,51.598563919974005,340.23797126634486
995.1090254244718,22.895077595898684,2.6835580952041513,0.451344612104017,39.72324859074042,358.74636902493546
704.165152430942,26.448874284482066,2.7517546600281464,0.7530251572477671,62.65707840864701,284.8695576293674
762.8682046672366,35.37700399322719,1.5543023171836385,0.576323698364484,41.33825151785499,224.21192668285647
578.7330051987943,29.355623517158463,1.192069493087629,0.805199131734037,59.69457200526737,232.44349016008573
560.7586751838659,23.369882339160796,1.9808758214834055,0.737094406296968,54.27194361871685,233.04390771519041
962.5051644788396,31.006069610819722,2.7809083640417276,0.7658684678998349,43.53772690156197,327.53151129513566
1071.2480057141647,22.959623134892244,1.0266554725141663,0.6936971026086429,67.75310892609512,473.6256048686854
785.5979756839332,14.80937732411073,2.057416458908707,0.4064572616818241,38.0636316824352,316.0682655128942
1000.7065795784049,19.95956844541298,2.0789005502313014,0.627016151338163,59.191541736100014,429.4296751410923
872.3272050095268,15.646040394870722,2.3327825560382025,0.8908018437147049,60.005823180429786,411.92459301566987
670.9760490789752,23.24243257979346,0.8289192128181495,0.8624328398982715,43.293797909233554,273.59830241782197
872.2791211016828,25.092091895947757,2.289562411705221,0.325904241478207,63.92465300064329,344.700082919079
1107.6073132931938,33.382186561376415,2.7725813016641023,0.39888888943766226,47.49953485401047,363.34969367365846
792.8347921780097,26.634636868820813,0.9492077721756049,0.37903726407273713,52.88693629279857,299.1943905945778
1112.9287311628013,23.90449735595568,1.093858312309694,0.7355879459911774,52.603218387712204,456.69625663722843
276.05097918205115,29.147027905917447,2.928487735104099,0.7906711979141672,48.65691258529452,72.24775985848964
964.3805008750447,13.944323454960575,0.9524423817737244,0.4281068197864032,58.10808273159782,444.12766570999366
817.4094136476342,26.178072790542828,2.635962733423948,0.6035116157710974,57.93488720552213,315.7591293716992
740.1985299068265,28.854325969434832,1.730694641120087,0.8044218168067201,32.51468026761819,239.75128707992798
818.3521553071005,17.607068771100792,1.1180776860079427,0.7396809268597504,63.043402428781526,391.19559260780744
402.4862170798214,30.718770216034645,2.6768747531812784,0.625342323295109,33.37508011964326,78.64916462398452
756.0656224324977,26.69248203747207,1.6132631375066637,0.6542086142752638,60.32546204341657,306.1925622111684
871.4225143023493,22.923560430495993,1.7870433848242255,0.605016328149768,61.26705136827583,368.86568886425755
1095.5788089483033,28.163909330531425,1.3980834234994142,0.47852907079129237,39.09033569784802,385.5382676269308
696.3459563452706,36.35346428902198,1.9823771285873186,0.6390131957154097,45.891857120454155,200.68166383380395
638.3012794213624,25.909331275292477,0.9088096814625569,0.7133311812300545,38.94295331514064,230.23822426924102
699.6485912830926,26.24110293150168,1.4777038416294017,0.8239937495164846,47.850789697112646,270.7781503094842
983.0804235404148,22.70319550229878,2.923530805838219,0.6817748123875489,46.919657158142584,378.40893878195254
865.750221931937,20.75077815267604,1.1453335817528187,0.7566729222258948,57.796605322693395,384.51971894854796
694.0479592465922,29.151679082721227,2.1418416613532303,0.3960429809727438,63.10308746119608,256.4506956425278
902.6534866226713,20.719580870455665,1.3129751605617372,0.576934484651874,63.95683810789956,401.0941391395656
819.4155098696081,25.357831186096963,2.4336828142165015,0.30559897189625596,44.37831973421698,280.67680793844016
993.7289981065778,22.611712766174417,0.8271841517958746,0.44800731871297383,47.90778126255472,394.3771223545585
659.5893812245295,27.39489912873196,2.924552612696362,0.735877029067803,33.1656180777905,200.74081832815952
734.4675706804463,26.66831052643474,1.6344738534590981,0.8950859708096182,41.94129933503811,272.7376343159709
721.5783693735684,30.187699721289498,1.09012615836616,0.35950685975232954,59.64851633097457,264.06396320888393
507.2970103735763,22.449918005726264,0.6837418683250316,0.540896589516773,66.15582823548232,243.1882813843522
859.2240554129152,23.650625323533145,0.9243947627188518,0.7800425812194958,37.65651128120078,330.5076995436882
852.2110544359779,20.106181421088465,1.799434871390044,0.4224213807773393,44.075357408471056,331.6309498108575
801.0226913284922,22.77853369961944,1.3425079410782157,0.6330509695813717,49.73594243041073,324.2157619624076
753.0825733249707,26.88650246522426,2.5722084147065236,0.7398427776178049,52.80161158819607,283.6737949140841
516.9258515899171,28.78494308322676,1.5772188091545147,0.6695912701561075,41.90396480078354,164.36093023766034
715.8709354469282,20.389173379111874,1.1217856814690748,0.4128148407692497,54.24061044464089,302.30661339626545
731.4570966946461,29.3480296005283,2.0428624665100754,0.5132307412114436,45.26160652929084,241.59881612927006
639.5445461556762,31.778189294024756,2.2669430422136143,0.7702750706912385,49.855477291217206,212.48214968700694
767.7428576667982,27.067174516118506,0.9176047697523746,0.6325359084792099,55.462842480037,305.1377031726375
880.8101713629077,34.38397906279033,0.9190480407207942,0.3031377681257476,50.064222698109376,286.4990266265096
1177.237180242106,21.131054004482134,0.5916785673338574,0.7565944560168564,45.63614109473431,488.42482139140463
834.9155625663678,18.776726483442914,2.341005037664101,0.3211868129641434,48.90390196074169,330.5396868023821
851.5100781445528,16.106398755478608,2.1595113190545128,0.7474402696387393,49.11637040794665,374.0816785877132
785.1108168467665,32.480221557445915,1.6865771893745347,0.42148833609914244,46.29988970117872,248.45164326504624
416.2457569401917,28.27182828177029,2.610426122422993,0.8748440880716282,47.41203937332897,137.60118329323467
794.6972249101566,24.722076645447725,2.514175382375133,0.5207644507812508,65.98647170504717,327.1379188622295
812.0460419882053,26.399843131599102,1.9633859109918803,0.49615896980284746,55.60919447941239,309.21167947633495
1292.6484224970573,19.372554763508116,2.6706782012831467,0.3893328301994668,47.045196819708394,507.046848317841
761.5278070437755,37.228759898084135,1.0146030250919207,0.48336252929412893,56.969544045107355,246.42850763109143
860.3094684667225,25.646105909876137,0.7797990484943197,0.8259904570969203,46.6618051024399,342.71840041209094
793.0576460589514,25.546973973024464,1.174374028792474,0.8978006025763485,61.73124637586641,346.0969711510838
566.2643924760936,28.62883311949346,0.6427171402232872,0.520985718304109,53.69642192198094,210.3765497499046
1028.5645629030041,27.405046158683568,1.82792382000258,0.5691663785727256,48.92697855995771,382.4336322163097
950.3866065373549,26.119420121395656,2.8415142307374035,0.7332425629216424,54.477169258102776,366.7588663628773
958.2063894086093,21.04762772277344,0.5983588516712741,0.8317174682790447,34.291238479315005,382.22917900544604
618.1225090410522,27.357341785679978,0.805274785025067,0.6558266005120705,38.73232531090195,212.6655274851778
1080.5588621872198,34.41012248237517,1.6304975707085883,0.5349154189066976,38.060749936009444,346.73522757327993
519.6297874415438,31.727100230774887,2.8346875438197623,0.5475731045091743,51.429430947637066,151.10705550527834
917.3714187600541,32.965933133196984,1.2903902624418762,0.7173708878980842,67.32514999485092,359.733843598224
1238.0911251619957,22.443921617844076,1.768087021720981,0.3019309581625672,72.31300146192632,525.0585225903491
601.8927349738624,20.051975898707095,0.6039321476259802,0.6717536024759044,56.380511014407574,280.80659517236006
686.7404540794456,24.37106539950176,0.8708580024052222,0.5132958062648145,55.00844474944457,279.8139544223471
819.9302730175283,25.278624561443472,2.9665753073971173,0.7765183987662506,31.98942265847261,274.7179985810805
699.3048691767601,30.470957592354743,2.912796741090114,0.3557943838938793,44.57326200265978,205.17543549804276
489.8673137867735,16.537676851425903,0.512349952336024,0.6529213601690343,42.12216248091761,225.02543470450658
813.7125949612055,32.64775159730307,2.8795294635580975,0.5885837339316743,43.79152401748884,250.4632200939473
587.539257254779,24.209960507105052,2.097799844538751,0.6853953155431365,48.318561814152105,223.89479132645988
894.7184861270363,22.8655946502629,2.6697957363000553,0.33891215668978103,45.27909422302873,324.36526011704603
616.1151531532394,19.93947812369916,1.6368496390846476,0.6479902724568788,30.207001896242122,223.19369166728168
1109.986881003508,16.725716640671152,1.7889900714481257,0.6368907527757143,57.47910256117534,489.2790112447026
643.3493415327525,29.115852919809573,1.7221164506423006,0.6363960566497027,39.27256974260193,204.90424982531914
735.5876967588649,25.36658983594202,2.1671606438652606,0.662092599957873,52.39246864111149,283.6200903652999
962.7034434739339,18.55019550129473,0.8491281368907823,0.7058807623358174,70.74082669749973,460.6148100259825
553.8271367132089,18.52460613968192,0.5749339746816948,0.7829933998084619,40.80615408413577,243.92046239875165
845.4919869208259,23.32107650354936,1.2698248539779773,0.46189243207692865,24.697124772536704,281.38203485972366
1061.4285508564856,33.34510762644696,2.261701906841617,0.7950296461080373,47.139957781198895,369.2602610097429
478.5033530877545,23.702043243181976,1.0046336303073709,0.5989534093580722,61.00959634998571,214.81165188399325
836.9267717064608,17.48428523440947,2.1835810833122933,0.3462349674805987,69.58347454220593,381.9921691358559
851.9765588496847,23.77128467957028,2.924780115268176,0.33513055754638754,37.70450405547583,284.85193497761173
956.3645743554621,23.636382151261646,0.734751789473546,0.5005429912176365,54.966992232365214,391.9775351167534
552.6098578243837,11.515566785292142,2.1815052955628156,0.7709381862668806,45.34689543219947,270.8917564254076
535.9086773831448,24.72852566741094,1.6093755482614278,0.7246085608445495,48.94051645695864,208.7385480897337
904.3883131233795,23.84532734895661,2.6703556359437632,0.7731689788034439,76.44343347017035,407.370448025644
859.3969346466372,28.48103182406709,0.9428744736184648,0.6103614338649657,34.970296716048466,292.38353512747995
850.0985700691754,34.244780474726724,2.2315648805654114,0.5641193987732944,52.537396614945735,279.7806400169386
869.2896418993952,30.632825147738785,2.5952882241202757,0.3884715160237704,54.676931717654334,297.37628801635856
663.9950556843019,23.655556547225846,2.861535548685058,0.496915652165587,60.857863249393475,265.2663931578072
846.4507394322007,19.467370456291647,2.2081200707241146,0.5604116197043252,50.97983153470896,349.14248683881516
858.6144946597362,37.8667990162493,1.7429369100210683,0.35316025780777033,53.08050539504102,260.5014573629079
657.1297163947264,25.29609217007244,2.0446181005030346,0.4323671716267268,46.08351432578209,229.71063193539854
1173.1549022289514,25.06964645956473,2.6722624611967953,0.6589351764382434,52.69126941245107,455.52040162860334
894.7665841823575,24.879374564449982,1.9265243665970742,0.741397868543514,46.5680772450259,344.4505651019499
561.7393005594703,25.990423803839274,0.5759676492420922,0.8990085068357698,56.21571889856051,246.36578785108034
931.3107217267659,24.278197940380288,2.8273717387674444,0.8598679988061346,46.30389663956366,358.46077482056455
605.0636659545357,22.131689965598817,2.223816877578903,0.6855391197211149,53.77100393902187,250.9478116421307
957.4169207484904,22.26570529379804,2.1912834644431163,0.5527488319764432,49.707371863150215,376.7775925110974
1031.7191158014807,24.836233648920008,1.039187880994293,0.6817064188249397,61.26050250772168,434.72092522273977
635.8635363296579,22.282876144331176,2.147213675581643,0.7713909708481392,49.48606276411514,259.0005711250281
992.6752258488643,21.435771086614178,1.4846610141353962,0.3710017145540324,32.26967531793119,358.1340611286849
882.5561853872997,25.532151138459483,2.12808244260373,0.545942933817773,62.619215007139914,356.6164707417537
964.412031998898,23.725113912895722,0.7664825757699768,0.8038813713813704,40.94267699137381,381.553840029197
1179.3585965307896,32.51996494291345,2.1446132615075904,0.5302997711598264,43.4623366135118,401.1371430676877
750.9223767994259,11.745150958034941,2.9985343144266663,0.643123362736312,44.04338705956508,331.9007950412748
649.2527671285021,30.45753425961231,0.6205300971513901,0.6526616165173189,63.74438093170817,261.32997727110774
622.0971140748953,31.230425962488145,2.942935460553293,0.41068575188018364,28.643257860213044,141.07816452641976
636.8379430069124,14.633048837959253,1.5172699018071765,0.5173412649913731,81.37748533659993,355.01926791766545
784.5796581171792,23.286562029598258,2.676883625843148,0.5007067732451593,60.56056809066052,316.7866916840279
868.2303949633288,23.142795670021044,2.4559637101456837,0.31571802511923885,52.2323891412916,327.2692220723146
855.3381598660038,17.962441526410892,1.9175406524666694,0.31451505833481314,49.451059993837134,347.77552269409534
965.4366498072047,21.110916562045624,2.3461230231283166,0.7990182262054641,52.85554074857657,402.82083968879704
802.6003783755814,19.447120772670857,2.69628890325337,0.4638424859836875,55.211224283793385,330.45623132111575
1090.7068154314634,33.761352217118116,1.5103508041275824,0.6108472597432892,56.45215585950057,395.81913175188464
747.0686333524088,29.678391965737305,1.3175829039080966,0.47923534415326385,55.55604466003449,272.3335210009282
1344.0338333179238,31.357775474970794,2.168983463908962,0.8644075470692043,50.895806812552486,504.1468122917911
925.1334695530013,28.608360320216175,2.5196148548531463,0.45557805531946427,48.02661579692674,320.64757203141494
628.5684887167436,19.354741143913856,2.4057128369415395,0.5577940876433611,48.487267163464885,255.4608001068106
585.8215003877775,22.37739866860113,2.494534122146586,0.8236381502907613,48.05091719647319,234.78000749812395
896.4944830486371,27.44687280613959,1.5889582870323324,0.8051601400750852,61.337700968670646,368.4072552595291
755.3074429348299,18.889360955540273,2.544585540437554,0.41166085070776637,55.935567222808615,314.6844939728606
942.8000988184184,28.56499215086194,0.8005226384265212,0.7815859858774263,20.596113653357197,306.5613789893782
894.6475249147089,23.798373009209325,1.861222744902124,0.5749121320427356,56.55900776529761,362.11853960354773
785.4342174686254,23.125895962252013,0.514396651245304,0.5897813232512132,51.94736194718775,326.78403072067323
630.641256386319,28.554799841017456,1.3114645747506757,0.3800879834495663,49.81291243554102,214.99808164549395
497.0305550628271,27.2213165574302,1.4161538371784947,0.3483609082542748,46.11481546911114,158.1917772171309
710.6970095865958,23.1951691709046,1.4904317290231384,0.7367635841842592,61.24112719986013,312.7190742988172
971.2797588646945,30.79664901682124,2.2386680167246555,0.5978766914131799,59.475264621228575,360.9863421076412
842.8187488260407,19.594683362000513,1.4713952531758643,0.5621104215691077,42.27122332176391,337.08809791063834
550.8522442576024,28.07967803472132,1.6217340565563267,0.7377049371914381,54.07052287124535,208.75145956593371
834.6361851702364,27.96550628984192,1.0938603271858187,0.7593077393946659,40.28343265458714,301.62059162593437
877.0634759457673,23.452267803430047,1.4331294790733502,0.39534490060161215,36.203818352110694,311.4076383047252
623.2285127597734,26.63066511121059,1.0681740681578786,0.6661350896865847,43.73282775410035,226.2287488588076
830.7450211891056,18.744432118073483,0.6829898094211091,0.3812124493666113,58.62393472382759,368.0544417070495
811.6417436892,29.620135096034506,2.008621483453445,0.7508250516174275,59.53125045376087,313.07356064936613
571.4059404338753,24.075489317785056,2.170531996387541,0.6941730937602837,55.130854200972934,231.44997271070952
871.5574720696567,22.386384897404803,2.0487258650240365,0.8739687726500749,57.25095786847997,374.40416006006194
912.1569052736469,30.245046129184445,1.6587351095014309,0.3413748098138527,55.16178287114958,324.4424866015141
1016.6102486350554,21.478281547286205,1.4494644504480745,0.3342328326907526,43.585184047770476,388.640056943189
1010.7604104069806,17.957693518182204,2.658334123929563,0.4693122448159201,54.31922544673941,420.0364184668604
524.4661264085818,17.216854132380483,1.7977044628405452,0.4570234102415436,58.00409525227683,244.58449628975566
612.4349920169755,28.030049756728197,1.6979546940743275,0.4481872794431999,57.542913298135744,225.3393916508374
903.007053441732,18.597853237518585,0.5641051645160893,0.8437527483126221,61.88913371474643,428.53840838906297
902.7571901824417,33.77397090992182,1.3531195690653908,0.44972771990970367,57.083038472010635,315.3542887722202
903.0095372612096,14.59035296058139,1.4504890469646425,0.4631698356771786,53.51448207541583,403.93461556662106
1570.5462981309443,33.48228184145019,1.4970569522422512,0.7556389574507782,60.701502383164275,605.0214931615718
914.1781021386334,26.05508733601309,1.9504309230683308,0.569843905470324,49.7347874075094,343.8532650332396
1027.1131280361199,24.516434440648037,1.8340063668171962,0.7660263341731088,41.18125348772282,390.5868390271369
990.8003526986405,22.275404565955252,2.0197627319836116,0.33921969453863116,48.36933036056236,378.4451363779001
930.2782502611597,26.995680571760353,2.4122081538553206,0.5925427162040307,42.55097355193551,327.7398986211815
736.9461510719309,24.81182648787576,2.532464346790234,0.32016816010996957,43.24821725025618,247.89952702750202
951.7938440986535,30.516509410082605,2.295307690566236,0.3375919220732127,48.55481329284482,319.17113637273627
645.4349570924857,25.571138243310198,2.888809239887337,0.8438624720066465,42.075800790000386,227.77492440190304
752.6362786519983,25.75150880730939,0.5455814566909041,0.3835472226705571,46.9203847036096,279.85928339809044
702.9272904341793,23.18193893893072,0.9894449642088652,0.6194524093651304,31.063853330462145,248.46709896611026
816.3748278772645,24.715271881394663,0.5189071874453552,0.546657361560424,52.13293707372939,329.3832420949589
1262.9317133347017,26.539008844460295,2.1186867853865072,0.5084059957553057,50.012054753622245,476.7351825527239
426.5469614816504,16.449158036716874,2.7450763723749674,0.8399000074123635,41.82911368931809,186.57545843458047
937.2520380749027,18.259072889471433,1.1087057414407482,0.3130940380652937,56.59245668432405,401.3580086401093
477.4568257620697,28.716320470113576,2.8175863619907666,0.6982738117053535,59.37570137626558,172.89035767215117
705.6136268421133,25.854327190639708,0.6506684757239021,0.8780366605281302,33.924401356310256,258.2177657654348
1017.7901193934732,24.080083318236603,2.8360900670137856,0.6361009100771051,42.37275221433786,374.9052804285994
812.8560038190925,25.092169665326967,1.379056718099086,0.8620934772198552,42.30857650212702,313.61281288525817
584.4510444141388,26.737908526808354,0.7535520711230412,0.33135472757161427,40.600968988911355,190.32502877678678
656.9392581480064,22.301201598453193,1.7146793979658141,0.5512759914444969,58.294748419317486,278.2761976981383
935.9195497869351,21.108476372988438,1.1419414193012698,0.45609467457723074,48.06173861227197,376.3342348102247
653.9266736565727,25.979226275488408,1.2121822549048071,0.738492578988438,47.35485158689389,251.18704765934865
843.291717916395,20.10813611192484,1.2682249123157163,0.888778254298348,29.961376355932465,328.455422910559
809.1143679807627,27.041263778572358,2.5075647445816585,0.4539180374665487,56.35418030209226,298.7680433311387
669.6799304788366,16.4870819788108,1.847903191688136,0.6925047608844448,37.60741605146528,276.79760052775214
1228.788817865065,30.14577818662822,1.278269247890009,0.41885857965584405,50.599326302663286,450.1455253221036
926.7838044636022,27.362987412065216,2.025834458277296,0.639198152742966,52.773769379581914,351.14768653865394
394.9714826684786,26.28014867156938,2.290376685557984,0.5783594920130017,63.60658595838651,159.81522937138783
837.2908629538855,29.91345491972757,1.1815600018338344,0.8832031977789223,36.91179600880888,291.51722247114185
667.6427070463224,33.32737222231288,1.5338727538133787,0.66511636361788,19.804878441791747,157.94706923330827
970.4866669592448,30.07185032509065,0.8047152333423688,0.5097038232520913,51.83849544753695,358.9504448824994
641.4958523134599,15.795628843341774,0.9528733738367008,0.36845747093276005,68.00511181510853,322.5245601471632
777.0527117066202,18.602115166321493,2.2027946349124568,0.3907480972409607,62.38946352939438,340.0988944227529
900.9974557960915,21.875907111521606,0.9535958692390674,0.43519015797074106,52.096594152746256,367.4361842724675
973.1510388340243,25.13045525105417,1.8129084591676503,0.4505799968041788,45.08363814367953,358.1753308142304
559.9407185888448,27.588295102345615,2.272615654306082,0.8103696347046827,58.071225966373106,219.96958904872938
733.0997528318103,21.371280934232672,0.7671923077368596,0.636733672969515,40.26453800295531,291.0773330385785
705.0109377678087,25.93383382238539,1.918280549072259,0.6140345468246199,54.76357769356219,273.38128323282933
669.3341534852576,21.22308533823339,1.1414069592534095,0.36886132312153047,55.054701591666266,278.7566344498111
1153.0908480562193,21.942410985040258,2.9073171880939497,0.8160838160096611,60.6020990749888,484.4595013668077
880.9963421921912,17.96669451575889,1.7088641167998118,0.7336885819250902,77.59660038911078,437.35405300456
547.823209132991,20.38383376944548,2.5149813744378955,0.34060101714000096,53.92415967178767,216.93867126216543
983.5723894109552,18.24157697191833,1.8755663553906543,0.7247010583378612,44.910363742925014,409.5211877536269
1224.4312394025267,20.120633735113337,0.6085313321370479,0.6261229304055878,49.74425687808006,513.878674040513
1006.4930521102294,30.268208983039198,2.082878438985056,0.34903520744806693,32.30924095110882,312.4976338136662
496.1260068091973,20.253005555840286,2.8785083555166424,0.5749803849171939,43.05286868910942,183.25504801338963
703.1531854267497,38.161910324186955,2.004029550365828,0.5908177722780282,45.90717561886896,191.76666689774618
1053.3822298373245,27.466589504404446,2.5479721485669753,0.39946472409796546,44.759116020654076,368.0316911734443
658.4661068762439,25.92418061847437,2.7105161583710196,0.8674188882001694,51.52354872033722,253.07841992509842
888.7638856292457,20.708211099093933,1.0701994298723312,0.8099852228883972,41.775800676177994,365.31336695428115
954.9268106858674,28.501549397044958,1.0301120997705666,0.701413402397465,61.210306673244716,386.6531397577792
614.6139056843834,22.12181086881113,2.0274524721274796,0.5773773366003643,50.002070649181974,243.8349913368051
788.09492878764,25.610049073226808,1.5275711745167617,0.5470593249507052,49.90699678861385,299.07897422851727
151.74653198618546,37.800422691343975,2.5996532571668007,0.6905840802905725,46.72105283487082,-26.328723549643456
595.122471733142,24.51970050137675,2.750057808495028,0.6272591216441433,51.551906838589794,222.41667786080953
749.486369721368,30.74636663142838,1.3835534482567953,0.3373638635291314,58.25098264667635,265.5973387186466
550.44336360703,21.48411787437056,1.092176397436205,0.6075015892621991,41.328697842890996,214.86746724548914
1126.482260786327,24.82505754751519,2.4513137881096547,0.7838421703397038,43.41883510924743,427.9842574313384
513.9717244078735,33.85400317817755,1.1870150888703401,0.5755439265581749,46.96273971223335,147.1511987359337
711.9911026606032,21.865164711061162,2.556535796284196,0.33117394653256105,36.54129076526785,239.54653840325727
826.1481154572183,34.062242789984644,1.559345634121907,0.77176691963042,41.807421402785025,266.7577646788361
1088.254657813223,28.538759677277376,2.168874748228676,0.4208182692815846,45.23779126455341,382.43581324980164
512.8275697641121,22.18766612052866,0.7388382845866704,0.45517250093282324,58.74389180712728,227.05072311803056
1032.632750430992,28.162038695277605,2.059648311691433,0.39882381205937756,52.62561329001925,376.83884076210194
802.0466122039174,29.86277224813365,1.629419196843073,0.4981290389228985,51.93589911367545,283.98884184596386
603.6982697904098,28.10904981108598,1.9665211579386852,0.754050903413181,58.50897962167972,235.98935169536566
892.4206948526542,17.148876400547717,0.9200355193621585,0.6116315157023624,48.62628211600603,389.85768076183166
839.811939114694,21.364314120875658,2.342184362360455,0.42292876449042754,53.904648499288896,334.63709664099395
679.9566245682411,23.762406822242475,2.6569926938580712,0.8266980468912246,48.96778247067504,265.8711560634147
813.9604169980038,24.62783285449977,1.041849500226939,0.8277491129709176,52.653623493996285,338.72121016097174
722.937280627648,28.103360487753392,0.7392863888004043,0.8223470550276042,44.17241342388418,270.72742552343675
822.7034690502496,25.888505004666268,0.559096465115841,0.4432777268289236,25.61182841723571,267.43544112152773
932.4261349042093,18.323278206449494,2.104928751108165,0.5707436065085929,48.65720837813696,386.1563725000582
1117.2033632290704,26.900989255029817,2.0177350902219517,0.8909937936845251,64.2274813609994,465.2037005204847
552.4369002346302,28.052928726419115,1.866743531785175,0.7632074857859943,59.26215402241593,218.72736347803632
1226.6066749312533,27.7989522396552,1.0798677402899386,0.31630045273533586,59.653974845911705,475.9722036999162
409.58244009549963,30.403903627773108,1.4772649897637866,0.3391227547562952,62.36130721806218,138.71956017563556
769.6429809928833,29.16961077274452,1.9861908379654327,0.5783588260873997,50.88657590961437,272.8383232773751
917.6634412969153,27.295900396142184,1.7419171471479236,0.8455321235169362,51.973157074055955,359.38962339053467
856.1983735470066,24.649171442706766,2.969463800537218,0.6232210787716286,43.8234810456565,308.3468702297911
675.4600960358812,16.69519533242004,0.8410993813918328,0.5986875048205742,46.8392714397295,301.90998605882163
758.375549928545,27.148091095662927,2.2378613851189844,0.36328421997397836,56.15771149771142,275.7107846360352
701.3998130682335,26.038438435815557,1.5107969202607303,0.6940680628345764,62.038844371688164,294.0408557307134
682.1270486111576,26.357894185976868,1.5704990373140368,0.7932618963601353,48.60553724319001,262.23052744582515
969.920419404205,18.616257120898453,2.2939944141454407,0.5282520045045374,45.498107351485885,389.35575294393396
871.4030971930094,19.594717297958688,2.231090378310924,0.7653671105551965,50.005279588565976,366.5556633091929
661.4180809478692,30.26576426666452,2.9781399842554706,0.878685992340487,56.01206748929115,239.41544579887704
979.9199750866501,24.802224230716725,0.8209857236353131,0.4222598754766135,35.56145183866458,351.9829090958831
861.4599041753219,28.40750348686312,0.7602741234604158,0.6139977787168448,27.03819046862762,279.71997287430645
962.5724237677921,25.141591880652307,2.3108470428218526,0.4722827748507453,44.494631505084165,348.81594142834234
925.9257683847225,25.148780697478728,1.9459672925160227,0.7757126514203037,37.79287574085841,339.53811499406714
634.2009978155855,29.691419029879988,1.1854016663995146,0.6465560195286946,44.91859802352689,215.53428433632763
687.963791960606,22.41977635891313,0.6985484224724665,0.6807494505301823,48.52219681182528,287.1830169151118
949.4587210246524,25.480603884704916,0.7141456239910764,0.7787484957695365,45.467515909769865,375.1114693544422
922.074053086693,22.688623556474788,2.7354771866602956,0.537582283597473,64.52467534470745,383.9601964549889
795.8196812071703,22.82751886283842,0.9796683117968572,0.849054041044226,53.2674476460232,343.3811923949652
823.4654766617564,23.454139382656802,1.3084289052888018,0.619817320347684,53.004743596108284,336.0315579081313
1055.532979157685,26.110668858168566,1.06664100556747,0.3947728937012088,56.22207144043402,413.1762248824849
681.685722232834,22.606256891682612,1.3874907645798433,0.7175394709012815,38.61166882219231,258.86840797837084
909.4194762340076,31.278780627867604,0.6735596068652334,0.7759568102629527,60.391117874202685,360.2183675471657
759.5614695132211,20.52696348890248,1.797649477270676,0.490057006240516,49.2423571346454,306.20084016938586
756.4637593545559,24.065641779193204,0.6690314089805373,0.8143075541992519,56.70480617241213,329.69197081083786
1019.755370397438,22.801344708629124,2.500891269555904,0.84368595285946,39.28142766959844,389.6336649024404
965.0832697976059,32.23488942176866,1.0842802047760824,0.4661426924266854,34.46241233983936,306.24801806345124
962.7019272001277,25.982773882557872,1.8500297865112765,0.8901128836291332,58.17889658025029,397.5300409441062
1061.0957614308659,30.159222697343175,2.7001977189036457,0.38442691682925506,53.76409526097517,373.3897502600072
804.2007683265518,17.57219813481514,2.127193422617985,0.42120940104149396,40.9794844564249,315.5668213952897
936.3905942589928,26.335251329346296,1.8323944663783382,0.4105349035428157,41.303369187253054,327.6895199447292
737.9466486813088,29.448153978117183,1.310834382788439,0.8363938260047223,61.254347844147695,299.1579327425847
864.8332704976884,25.41141994637712,1.3325047826454948,0.6925755313949772,38.10588107132672,316.39169935313714
773.9713891264631,30.327401875326757,2.173717387995475,0.3912625699333637,66.42672953255963,288.6309599557842
819.3991929985436,22.41355774949814,2.9853484030529187,0.5641940510210095,40.99379265352131,296.0356922794907
919.0314050873827,32.0467372009279,2.1545979746234467,0.6691788150418813,56.38391925608383,332.05967554834086
636.3558633533055,36.49449061809625,1.8944585434250623,0.35007845099363,46.71381524251015,164.05685985129213
1218.477455137092,23.185807197801704,2.326626275598115,0.8294498210444032,56.03187431082343,501.7319229837142
598.7965237000597,22.77248739299614,1.6630140307092953,0.7821621212649212,44.558859978858074,237.25185822891245
557.1622774424536,32.2669223855885,0.650355856501963,0.603124064145983,48.37207093927706,181.9270855698726
1031.6221747000136,32.89786072865356,1.9057420396947746,0.8802759691555024,50.40919175395721,373.9343278054794
958.3325387925872,22.385699864233658,2.8940632112634503,0.5506565875650599,39.978125442185274,349.9529643458557
924.823963410431,22.899065914520712,0.9382573558941492,0.8904661914218988,57.408243454201255,405.39147871212487
925.669101852856,23.591076955697464,2.225012227051664,0.7007519992821762,44.867864335284146,354.83546232681556
797.5506454306171,18.277747444828613,1.0023342216476412,0.6808027639523649,47.714000846599816,347.0763186224453
620.5491257028336,20.40674026757901,1.8395692111827031,0.399572937177471,40.056506253914876,227.88191619811468
815.1609116387452,19.97929616623966,0.741691124116799,0.8291566549827865,24.376663412046895,308.962132156365
664.5676576975777,21.161012174479357,1.6259273406454628,0.5564938127523691,48.08972237399831,267.7668641857948
995.0239466835502,24.826575563066093,2.390408322238115,0.3973400434694876,74.12615421612915,418.09192824144117
770.5885236995723,26.171073662682602,1.3689288105974553,0.3075645119854554,57.84604287898024,294.7610644176747
634.9005606414977,32.75250246407038,2.162279311218045,0.6358534101830295,49.80739620265605,199.9823817385303
735.7228316694013,20.008229796306047,2.488624901974323,0.6164397732736058,47.37109170791732,294.92590674600206
882.5862908551248,29.921611992382918,2.8179445486986316,0.7316121734214952,50.22465892812046,312.2769374204648
687.255089439205,23.930055778872454,1.0866052046386339,0.8341548318106813,55.4711911517521,297.0358287289717
635.5559208867137,24.752681451737836,1.4982897895232703,0.3476439507858177,38.19187184691155,209.2420044338776
848.7374422983825,28.37409746083302,0.8810400333260435,0.7388978942042175,61.143216946688725,348.0454178855158
848.9933142217445,19.386389892188507,2.981208755395938,0.41244716645854934,57.15381315441244,347.7832733055483
698.6113649257741,26.912048730920255,2.8175024198107383,0.8149062318942983,57.18185725707934,271.81830422647465
705.7923388763354,25.83226104106528,1.849892825701399,0.7914381083169937,54.38475738809727,282.998122280238
846.4099874715273,27.462256320040744,2.605083235941053,0.6244762529913266,50.1961665769399,306.8180268324428
510.38313170053516,26.44584321953909,1.8023949431801054,0.726145679173987,56.7286123596682,203.6645958287533
518.507245124689,37.276500699554475,2.0589642200068994,0.4886100679102491,55.91814133741378,136.69753842237424
656.3111557495129,21.81130007874342,0.7228110802900416,0.5827007393596888,46.45959289058976,268.29407385235163
757.3105696576306,22.345015224990913,2.38817605124202,0.7929821386262831,44.26398227103099,295.4944626990536
862.1815131196009,21.88429736787618,0.8192837090880871,0.5755591183039284,51.01856295261987,358.07336313801477
1095.0712433899105,22.222614404198726,2.565169075631321,0.5146789591952651,65.49020151495188,457.9780855683244
971.5319246404039,21.81306436346741,2.4550702191759646,0.59652746835018,37.60892924346099,360.0409777514958
768.0122940073146,30.94508265553776,2.271861744357441,0.796949551462331,35.324747342475604,240.25785913973044
796.1967584194622,32.102521239949276,0.5904009513119053,0.5011248284225236,51.647608412365166,280.41354590077594
599.4941270724382,22.14626853125262,1.2578208898633214,0.4042569558814463,50.50887701856018,237.71870110527163
796.297372801522,20.838222134478855,1.1577814247771072,0.7272084121984685,51.73341664370408,342.57727809777504
742.2682722159724,27.35707778193202,1.4003410186787977,0.7955869276248492,52.439531979085004,290.77692012935336
864.5437120676179,22.238884778595143,0.7191068669095964,0.36038248711412,47.76797745365195,340.9870715279854
634.5538112895354,28.164659088777555,2.842394557577657,0.44392446765356686,64.89863438602082,236.56777565086978
903.8693028482345,26.0146151042565,1.8845056017809407,0.38518319385659633,33.99096021523484,299.8706697235014
1106.5477826005156,17.42127942501384,1.2638107766450588,0.5087648469493,41.71502975219754,451.74291000054654
778.2479703086285,32.737526006650306,1.4924537926857084,0.5702105873432477,48.96745239850953,259.1324543275242
880.3423444197883,33.97938836547761,1.618006351262089,0.7492958021779839,33.568111888458326,270.66094631372226
938.0287983422224,21.93605654757807,2.001485833401543,0.6906885509290045,48.241455955679285,376.53371772279206
719.7559056228328,23.061492200320078,1.7891985692412444,0.6725571404870587,66.61470165728018,321.5601758940336
844.8184963620834,26.429326953624525,2.7984799330360435,0.5114249679657927,50.20886488295962,303.78494261055914
802.5184801563589,26.672283949935125,1.7424087072645755,0.8048685318508559,52.30700905718683,315.07932994713866
819.5352197097664,28.29272136336415,2.9803950370582815,0.5827723004388987,37.3983523482742,260.4818504149963
645.3980432289068,35.05102269383175,2.6285623943627394,0.8874629628090929,43.83638591960523,188.66439985844164
804.9020348517886,24.11526386252975,1.0212762858933395,0.6804852829774422,46.24803619676063,317.69206831152667
899.59965824909,21.00851377730773,2.8264880366097906,0.37575884493870165,46.82284903243766,338.96605435880986
1090.2287215590084,18.103403859927365,0.7909159947136902,0.7057065372452604,62.81643795003769,498.583512139168
991.8541652170413,21.345349800290403,2.543624271227979,0.4950624092590194,55.57691060725124,400.4856160505382
1230.6364915023114,24.834365135631014,1.45155823369145,0.7117963180116584,38.88542043062968,466.92784534769726
646.5304874223901,33.97278931758894,2.6949358011126736,0.34178468889744346,52.46504778432005,183.81822038339692
974.4641273441357,22.411943504819142,2.6701417252686257,0.4049288623055756,54.98221748496785,381.2353942460868
836.6684011476704,26.118939758194493,2.514813500294053,0.8134423553434718,61.40149038521267,342.39962520275407
1237.9605866435345,24.91788551963624,2.4750760907676534,0.43630773421410896,65.80540686568374,499.27024659362905
638.3403429289697,30.94196636724042,1.261697847745102,0.802224675145764,39.84905808172131,207.8186767786656
632.0556315638448,37.63466212936811,0.7022982076281304,0.4675656530726463,41.89142488789662,164.78709233184165
680.1214709111956,22.345656135398396,1.5074504469129035,0.6857291460352246,37.42422141085384,254.38070334182612
375.22085513803864,22.55280278740889,0.9338112874662716,0.7164903441058987,47.659801408930186,159.13033526666362
694.8489956638477,30.22080438534536,2.2373777222561544,0.6075928518870317,54.663583744463345,244.16860919952904
648.1734676892604,28.40945744813156,1.365249316344464,0.48318640601803875,59.87334516589102,247.47561730428572
830.0787572952415,34.23353662868017,2.939025502149787,0.4275866258226577,49.24048976357477,251.33387557148035
868.3511951554319,27.919640926629818,2.10243019336333,0.3199136127374557,46.80152476745156,296.3167016671663
1175.2341678431771,23.203539546064704,2.556201409085902,0.4823678407444343,51.51757992248741,455.6675071982849
990.08476763721,27.953274153461546,0.8313116818546211,0.6918976743187699,41.64857098369977,365.8464451523681
684.6192688675194,30.543517902914537,2.655036205681556,0.8629828910690898,70.89538721694774,279.5196749629695
620.3170657303284,29.102410905986822,2.806892976283486,0.8227226893578312,33.923389728819416,183.52875592489278
898.3838343013011,27.53637015553649,1.7176547970473397,0.7596388659211817,51.847405788957246,346.1718898463382
535.9533585958716,30.333373447945768,2.0156323443774435,0.7730684059519792,70.2360621922964,221.68369743703713
1166.2917531708708,30.846477952228362,2.4120245022574887,0.6989909420855972,50.067998445599976,423.2496104801115
1035.8880241442573,31.910794955187637,0.9370965681510314,0.4561721145396018,48.099609649985055,364.4380942272047
706.1648695790591,28.243549437948214,1.7564151911586061,0.844317018423498,46.42554577189573,258.7509911952628
457.3730941818245,24.164409598415727,1.4966575694307829,0.7024393871435004,48.19608318237592,178.6747497082702
1070.7744748330826,25.733568432166614,0.8659349804056228,0.636264378588264,63.728484746765304,450.25278639128766
777.0920309494765,31.032544832541785,1.4188360557288286,0.36659368152808863,27.88138088670493,215.57817350960772
1047.5632623946924,20.91532164506382,0.6704307734637339,0.5682333262838553,65.33433701296326,466.82472933803984
481.1144682411266,26.843366544364507,0.5645297673737175,0.5762149627211558,35.76042847549855,152.91526198794583
680.1249954092455,23.033305938363196,0.8379157228870568,0.8187381657136021,47.333476707655855,284.10817294400346
801.0487399436366,25.143724114674086,2.9077877789729345,0.627988932112673,45.707555797013384,288.43755581401535
809.3961187529484,31.392259313036494,1.8738238397375424,0.5282403293822457,55.8855326977072,286.24199440314817
709.9869057041512,25.955495340099517,2.91455540288305,0.8860801971063956,34.01875648116253,237.41325436997724
924.5699864694998,25.232182740780743,1.58124469582533,0.3664323559957894,54.62172666081943,355.41970504707126
586.4759141234811,18.200719295100406,1.279540332713149,0.5535290569871668,70.24309623286852,298.9540111618543
771.5241029957413,28.731267830136105,1.7653546571006102,0.3252148051028432,36.368259954071895,236.29701563989585
824.0591263423797,28.227420905705376,1.5987792215822754,0.7439424724601582,51.89706167610396,313.49000076781806
902.8877668117498,35.8162736165273,0.7641617106543598,0.8508459313194905,43.38017822203391,303.7347745455622
942.322975617778,23.461108825234994,2.1020657867255155,0.46802239773029364,54.25887206193036,370.52185226405646
575.0715816324262,26.095751638319694,1.040095456273999,0.8150050060794727,50.19147777415752,230.2821257509207
493.17716585287553,26.246918418553776,2.048969887244574,0.4753309382771387,43.5851309095569,156.48338410890636
1055.5353643797018,32.887266398817374,2.1255027309953833,0.8464620969863492,54.87872284871074,388.603336994579
866.4628023959183,24.523522338065238,0.8800621328216203,0.7523771421580705,68.04348109786743,388.8727072434633
650.3026926886893,26.395107628851697,0.6533740677766704,0.7829440661048632,48.09096208272701,256.94092572414775
1110.2303951045046,28.039482548582697,2.4519039651710997,0.3108039333602727,57.19757942148182,409.31106115815464
823.1349268585717,25.93304561578179,1.6495010594233004,0.8776862142444157,37.06727042128836,301.11258362508426
1035.8594368127654,22.767831927247357,0.6454094887636894,0.736002595242194,40.43563623181991,411.721922426982
813.5036962820218,25.97044996449154,2.9871657929244178,0.48285065723167997,54.72406277880377,299.26822918029836
1212.1495849763974,30.36815874929886,0.6444514024909166,0.7976367989153083,64.84116028535965,496.1386867356402
1151.0681684886408,19.8674235029447,2.237588072146383,0.468912719048958,53.5561334878566,469.27217208743014
750.2071703041853,25.66484837073438,2.959197313158534,0.8236523037396768,46.86941969476845,277.08810771293764
994.314190190871,21.499395925304135,1.0979502605398141,0.3675482342471622,49.99291405423354,397.6124336652549
929.0751899170295,30.975233144624212,0.8556234217179904,0.7222115864764775,37.495922660302824,319.3001006709404
1073.7263115064698,17.384065476081126,0.8034623485560722,0.6244190859869463,56.045153263553665,477.84683456307624
607.0153078839792,22.205390763642058,1.258187868918989,0.35792068211726447,58.82333062323409,254.73998599852285
937.2102919996878,26.886059375322603,0.7526145275266167,0.44513629695530343,45.4790966716692,346.1426828390995
1011.6848973699175,32.827620146171704,2.23040335423533,0.30744242176638886,45.299578522404985,324.20310280788465
448.25210271537713,24.67124869463506,0.6557294953251567,0.5812607792787035,52.658782296520485,183.7679062167001
563.348297466845,22.22400236653401,1.7735553203744743,0.4807591564560002,45.63280263959405,211.78731705231132
392.1535644479799,34.40578534720295,2.991742134632442,0.6590144905786554,49.338673853741774,86.54314993326912
746.1186331110885,17.75993049791878,2.534925673765047,0.4783426846251703,70.99721789166516,350.2101140317799
943.5084511591924,14.005970216899591,2.038048595577527,0.4799514669041908,47.52974299254004,406.05010275369335
1100.4714104192055,27.20007225026666,1.2656340519665292,0.7459159192389622,46.41659847978778,421.6608553182073
814.8189560839551,22.489728878236946,2.0597395907290963,0.3288857015870121,43.52458194364841,296.3749911017538
1125.7231091142585,19.893835914346433,1.8176036597791292,0.8417369971151925,57.441919714999365,489.6147167619383
523.9797083570218,28.541782236496765,1.5652084597259286,0.8113583246347089,48.18775826781897,188.174320330439
459.32351212896907,26.219003568855996,0.8267759418504987,0.700682809935844,43.506269616785744,166.41330731916634
788.8904602206762,22.179606846316357,2.7165105381011667,0.6559329420644306,63.21304032273012,336.71577222435883
876.8130897878615,18.59847800664553,1.6244616220533064,0.8353814988837913,64.19603004513637,411.6493646958462
793.4610503811814,29.362286641400722,0.9865562795519127,0.41119810771722864,43.99576434261295,269.25885822103714
386.5115799920247,28.251005889793305,1.419398377193224,0.3473814973144972,31.33460048639384,79.19389461442364
782.1759920974423,24.504120681103085,1.5353243813223176,0.4437061019457229,60.07513689836922,317.33212851426293
539.1060998990293,34.23318498023833,2.5688447389171856,0.7767469672201142,43.15370174239996,143.9328195150539
933.9345097660077,19.649576168369236,2.3340359514035054,0.32080216003588996,57.90625599162769,383.8381835355718
873.3196492193697,17.372374145376305,2.4232622341033494,0.6496841010500938,30.298961822881644,331.31549531810083
612.024042734529,21.540459650593778,0.527578161071618,0.8972625097147859,58.92597338299309,294.546609481852
697.2266165326613,24.77206991822251,1.5403849954494038,0.8134176563025237,37.88828070719219,256.0738912969685
588.1572956222096,26.21669724661346,1.7033603790883092,0.6128674134261537,57.307641190665244,232.40448127757162
787.4641805453656,23.79381971071835,0.5479806920576418,0.3381845455719854,50.142730678364344,307.73145537930606
991.0284641002477,26.760276982571483,1.1495330218625854,0.7988241086314259,40.460605806033556,371.9770875522542
602.8547907328913,18.74230287904778,2.4007245578053373,0.6593871049063263,45.929636870732196,248.25178530664496
900.8093031035689,32.2188230203663,0.8427742643224976,0.3689597982357401,56.86318456956701,322.9762225472922
693.9484763255118,24.589244108037157,1.8382753286314792,0.35631437089401374,51.05894453115234,256.18402431070956
641.4254335475312,30.586479157940637,1.0380046800430938,0.8457760916619554,55.844129804724844,247.2347950214258
778.5939280090885,26.71362673188852,0.5303019366097332,0.7015201577628472,69.76440584515485,347.1712377565475
592.9515355161252,27.283766095768918,1.1030036439988538,0.7975720795900534,34.357583882889486,198.3255190328986
689.2701389305636,27.84883640116102,2.9396843872751344,0.8273873401693606,66.17212574968624,280.7806482015095
560.4244214822303,27.238542800086574,2.503842779707474,0.6430634112289934,51.04355937523213,197.17891610729845
1192.945026583278,28.21361379933772,2.8989416108025834,0.6104678110530248,41.01215951676872,419.66823511478543
807.0527103943457,31.645762650662157,1.7196351098159062,0.5582564461925941,36.696863742610105,248.70246960111837
660.0548984014829,25.98260584850735,0.7743404966937588,0.4901679526746716,48.10879609222967,247.0915149693117
842.7959821468444,28.54501878794256,1.8698987224342325,0.5607575765152271,59.2165011192446,322.16519275893324
777.5343900618341,24.551321528563868,1.6359433363999023,0.7643277934380939,48.724508796224654,307.5631222822693
755.8060800933554,32.200586077247365,2.61089270684904,0.6611540586090789,65.11154930247348,278.49137611801586
922.833340008685,21.61803848970365,0.7452064519606114,0.8355139739729078,35.48824309948441,366.3432639329639
951.501542009461,34.004702164554075,1.7206028425544455,0.5660280086275127,49.87911052153945,321.43069902992414
693.8997704778945,24.799210246778284,0.8751216617349606,0.6642537472312524,37.47606555586881,252.97745881321703
684.836351871064,17.84612448940976,1.3116898172251499,0.6787845318551933,53.63631882624968,312.79888437438433
744.9896605696712,25.640522074553946,2.3433926934694993,0.6550182973837954,58.868873900973,296.84798959153954
339.61576705288303,21.594741712625595,1.6900453234219164,0.7215802638513098,45.792382063189464,138.6359223427505
496.96178756028957,29.203217744943622,1.4397207128644234,0.44246008102488377,23.95786143372866,108.41014608945498
1073.374853488905,21.736880103488044,1.4861906964250884,0.6074182665274744,51.98948146796494,440.15351017617456
1128.9935427002567,22.769082833926102,1.6486169210149666,0.3625348816850086,54.367385517335094,448.1273488192432
750.1927920887243,15.552296345272346,2.462541359592642,0.5307067965868876,54.042947549616976,332.3114564417799
915.3113926111532,22.738468403754617,2.730211722350586,0.5926002411727587,62.35782191822154,379.47575369726337
862.2500309087072,12.880603366855217,2.8883367162598206,0.6913345557272835,39.28946320350951,364.75928255999185
1415.7761616910475,17.080485882571384,2.4672584656382375,0.8703186315517222,56.802161054504495,613.3557042937748
1023.9149822869153,28.802073280721487,1.288517239370032,0.6603906399290136,61.92507512477975,409.5401363634686
774.4164817038467,28.92900079325416,2.2203367652163553,0.7461563497059359,32.21412415993483,244.6542868682708
608.8919118799149,27.127287808924823,1.5940078101384798,0.6037596356971218,53.19651825918977,228.56126590919268
478.7107359484855,20.165119284353935,1.1366765551151279,0.6804624188257988,44.958201689923285,203.23145672760978
840.6927271734446,24.7614432192901,2.6021789485648066,0.34255932968026404,49.18477326898354,301.94559830925954
648.7298509431394,24.981987304547157,0.5960658724058125,0.4526349485051082,53.476764835383364,258.20662222648394
515.5492580804652,19.208176554037287,2.754404980338559,0.5171118559230832,45.12771435886448,198.74579217249715
670.6854231514947,32.51699150883575,1.6536936615618354,0.5834960130039082,43.24291920838388,204.81291416776395
583.6903992771211,29.386811452878355,2.093003692020701,0.32738924730143026,50.34152417488025,182.66457624108165
1137.428327014513,23.89517913085168,2.148384805514457,0.3840144585319906,39.12754061137197,411.4673912457457
976.3279513898901,25.134429194972654,2.737794351766341,0.4660885846747835,39.141748711148146,339.0690177194649
798.4054717366765,26.04191403973776,2.0916742054180184,0.8829196145406304,56.79373282956503,325.9693228279632
1095.988827778005,14.791325657878547,2.0348339619001545,0.4988082042618305,38.51205964841344,446.05509271272615
815.4736615295236,23.764113087397014,0.6666301014017249,0.5892246348672496,56.66312500909212,343.49007992235386
627.7431597343473,21.590078760011007,1.79602005486301,0.41765862764303574,54.62591292853951,255.3214267842846
1104.6248154539314,19.991899950525422,0.8754225020426041,0.666468042645461,32.741932712094034,431.9434689649806
907.7820087369317,23.594498535570224,2.343584421803714,0.4684099293095846,43.22435347664345,331.5736700176506
592.5507691347087,33.988432634247616,1.7805548020316861,0.42419554706305607,61.94109403047372,194.3645618764288
761.9322643832784,28.20421430633505,2.2005694480208833,0.6099435770675874,40.18834468860318,252.620007972013
624.8763493230485,22.144105051086015,0.6041822515059607,0.30330347949625247,45.355957376906126,239.06528068735463
523.4400538071328,27.862913906780793,0.711980040114508,0.3045984195895352,54.62060893251896,187.4127904323188
